user_input,retrieved_contexts,response,answer_relevancy,store,server_elapsed_ms
이 사업보고서의 회사가 속한 산업 분야는 무엇인가요?,"[""중요한 회계정책 및 추정에 관한 사항 사업보고서 본문 'Ⅲ. 재무에 관한 사항' 참조 나. 환경 및 종업원 등에 관한 사항 당사는 보고서 제출일 현재 해당사항이 없습니다. 다. 법규상의 규제에 관한 사항 당사는 보고서 제출일 현재 해당사항이 없습니다. 라. 파생상품 및 위험관리정책에 관한 사항 당사는 보고서 제출일 현재 해당사항이 없습니다. 전자공시시스템 dart.fss.or.kr Page 204 V. 회계감사인의 감사의견 등 1. 외부감사에 관한 사항 가. 별도재무제표에 대한 회계감사인의 명칭 및 감사의견 나. 연결재무제표에 대한 회계감사인의 명칭 및 감사의견 다. 감사용역 체결현황 라. 회계감사인과의 비감사용역 계약체결 현황 마."", '정관에 관한 사항...........................................................................................................10 II. 사업의 내용 ..................................................................................................................11 1. 사업의 개요...................................................................................................................11 2. 주요 제품 및 서비스......................................................................................................12 3. 원재료 및 생산설비 .......................................................................................................12 4. 매출 및 수주상황...........................................................................................................14 5. 위험관리 및 파생거래....................................................................................................16 6. 주요계약 및 연구개발활동.............................................................................................19 7.', '연결회사가 다른 기업에 대한 지배력을 평가할 때는 다른 당사자가 보유한 잠재적 의결권뿐만 아니라 자신이 보유한 잠재적 의결권도 고려하고 있습니다. 연결재무제표는 지배기업과 종속기업의 자산, 부채, 자본, 수익, 비용 및 현금흐름을 같은 항 목별로 합산하고, 지배기업의 각 종속기업에 대한 투자자산의 장부금액과 각 종속기업의 자 본 중 지배기업지분을 상계(제거)하며, 연결회사 내 기업간의 거래와 관련된 연결회사 내의 자산과 부채, 자본, 수익, 비용 및 현금흐름을 모두 제거하여 작성되고 있으며, 종속기업의 수 익과 비용은 연결회사가 종속기업에 대해 지배력을 획득하는 시점부터 지배력을 상실하기 전까지 연결재무제표에 포함되고 있습니다. 연결재무제표를 작성할 때 사용되는 지배기업과 종속기업의 재무제표는 동일한 보고기간종 료일을 가집니다. 지배기업의 보고기간종료일과 종속기업의 보고기간종료일이 다른 경우, 종 속기업은 연결재무제표를 작성하기 위하여 지배기업이 종속기업의 재무정보를 연결할 수 있 도록 지배기업의 재무제표와 동일한 보고기간종료일의 추가적인 재무정보를 작성하고 있습 니다. 다만, 종속기업이 실무적으로 적용할 수 없는 경우, 지배기업은 종속기업의 재무제표일 과 연결재무제표일 사이에 발생한 유의적인거래나 사건의 영향을 조정한 종속기업의 가장 최근의 재무제표를 사용하여 종속기업의 재무정보를 연결하며, 어떠한 경우라도 종속기업의 재무제표일과 연결재무제표일의 차이는 3개월을 초과하지 않고 있으며, 보고기간의 길이 그 리고 재무제표일의 차이는 매 기간마다 동일하게 적용하고 있습니다. 연결회사는 연결재무제표 작성시 연결회사를 구성하는 기업이 유사한 상황에서 발생한 동일 한 거래와 사건에 대하여 연결재무제표에서 채택한 회계정책과 다른 회계정책을 사용한 경 우에는 연결회사의 회계정책과 일치하도록 그 재무제표를 적절히 수정하여 연결재무제표를 전자공시시스템 dart.fss.or.kr Page 48 작성하고 있습니다. 비지배지분은 연결재무상태표에서 자본에 포함하되 지배기업의 소유주지분과는 구분하여 별도로 표시하고 있습니다.']","제공된 문서에서 해당 정보를 찾을 수 없습니다  
근거: 참고 문서의 모든 청크에서 산업 분야에 관한 명시적 정보가 없음",0.5476965932573865,opensearch,23094
이 사업보고서의 회사가 속한 산업 분야는 무엇인가요?,"['[[파마리서치]사업보고서2022.03.17.pdf] 연결회사가 다른 기업에 대한 지배력을 평가할 때는 다른 당사자가 보유한 잠재적 의결권뿐만 아니라 자신이 보유한 잠재적 의결권도 고려하고 있습니다. 연결재무제표는 지배기업과 종속기업의 자산, 부채, 자본, 수익, 비용 및 현금흐름을 같은 항 목별로 합산하고, 지배기업의 각 종속기업에 대한 투자자산의 장부금액과 각 종속기업의 자 본 중 지배기업지분을 상계(제거)하며, 연결회사 내 기업간의 거래와 관련된 연결회사 내의 자산과 부채, 자본, 수익, 비용 및 현금흐름을 모두 제거하여 작성되고 있으며, 종속기업의 수 익과 비용은 연결회사가 종속기업에 대해 지배력을 획득하는 시점부터 지배력을 상실하기 전까지 연결재무제표에 포함되고 있습니다. 연결재무제표를 작성할 때 사용되는 지배기업과 종속기업의 재무제표는 동일한 보고기간종 료일을 가집니다. 지배기업의 보고기간종료일과 종속기업의 보고기간종료일이 다른 경우, 종 속기업은 연결재무제표를 작성하기 위하여 지배기업이 종속기업의 재무정보를 연결할 수 있 도록 지배기업의 재무제표와 동일한 보고기간종료일의 추가적인 재무정보를 작성하고 있습 니다. 다만, 종속기업이 실무적으로 적용할 수 없는 경우, 지배기업은 종속기업의 재무제표일 과 연결재무제표일 사이에 발생한 유의적인거래나 사건의 영향을 조정한 종속기업의 가장 최근의 재무제표를 사용하여 종속기업의 재무정보를 연결하며, 어떠한 경우라도 종속기업의 재무제표일과 연결재무제표일의 차이는 3개월을 초과하지 않고 있으며, 보고기간의 길이 그 리고 재무제표일의 차이는 매 기간마다 동일하게 적용하고 있습니다. 연결회사는 연결재무제표 작성시 연결회사를 구성하는 기업이 유사한 상황에서 발생한 동일 한 거래와 사건에 대하여 연결재무제표에서 채택한 회계정책과 다른 회계정책을 사용한 경 우에는 연결회사의 회계정책과 일치하도록 그 재무제표를 적절히 수정하여 연결재무제표를 전자공시시스템 dart.fss.or.kr Page 48 작성하고 있습니다. 비지배지분은 연결재무상태표에서 자본에 포함하되 지배기업의 소유주지분과는 구분하여 별도로 표시하고 있습니다.', ""[[파마리서치]사업보고서2022.03.17.pdf] 연결회사와 그 관계기업이나 공동기업 사이의 '상향'거래나 '하향'거래에서 발생한 손익에 대 하여 연결회사는 그 관계기업이나 공동기업에 대한 지분과 무관한 손익까지만 인식하고 있 습니다. 지분법을 적용하기 위하여 사용하는 관계기업이나 공동기업 재무제표의 보고기간종료일이 연결회사 재무제표의 보고기간종료일과 다른 경우에는 연결회사 재무제표의 보고기간종료 일과 관계기업이나 공동기업 재무제표의 보고기간종료일 사이에 발생한 유의적인 거래나 사 건의 영향을 반영하고 있으며, 이 경우 연결회사의 보고기간종료일과 관계기업이나 공동기 업의 보고기간종료일 간의 차이는 3개월 이내이며, 보고기간의 길이 그리고 보고기간종료일 의 차이는 매 기간마다 동일하게 적용하고 있습니다. 연결회사는 유사한 상황에서 발생한 동일한 거래와 사건에 대하여 동일한 회계정책을 적용 하여 재무제표를 작성하고 있습니다. 관계기업이나 공동기업이 유사한 상황에서 발생한 동 일한 거래와 사건에 대하여 연결회사의 회계정책과 다른 회계정책을 사용한 경우, 연결회사 가 지분법을 적용하기 위하여 관계기업이나 공동기업의 재무제표를 사용할 때 관계기업이나 공동기업의 회계정책을 연결회사의 회계정책과 일관되도록 처리하고 있습니다. 관계기업이나 공동기업의 손실 중 연결회사의 지분이 관계기업이나 공동기업에 대한투자지 분과 같거나 초과하는 경우, 연결회사는 해당 투자지분 이상의 손실에 대하여 인식을 중지하 고 있습니다."", ""[[파마리서치]사업보고서2022.03.17.pdf] 중요한 회계정책 및 추정에 관한 사항 사업보고서 본문 'Ⅲ. 재무에 관한 사항' 참조 나. 환경 및 종업원 등에 관한 사항 당사는 보고서 제출일 현재 해당사항이 없습니다. 다. 법규상의 규제에 관한 사항 당사는 보고서 제출일 현재 해당사항이 없습니다. 라. 파생상품 및 위험관리정책에 관한 사항 당사는 보고서 제출일 현재 해당사항이 없습니다. 전자공시시스템 dart.fss.or.kr Page 204 V. 회계감사인의 감사의견 등 1. 외부감사에 관한 사항 가. 별도재무제표에 대한 회계감사인의 명칭 및 감사의견 나. 연결재무제표에 대한 회계감사인의 명칭 및 감사의견 다. 감사용역 체결현황 라. 회계감사인과의 비감사용역 계약체결 현황 마.""]","이 사업보고서의 회사인 ""파마리서치""는 **의약품 연구 분야**에 속하는 회사로, 일반 지식에 따라 ""의약품"" 또는 ""제약"" 산업 분야에 속합니다. 

참고 문서에서 제시된 정보는 회계 정책 및 연결재무제표 작성 절차에 관한 내용만 포함되며, 회사의 구체적인 산업 분야를 명시하지 않았습니다. 그러나 사업보고서 제목인 ""[파마리서치]사업보고서2022.03.17.pdf""에서 ""파마""는 한국어에서 ""의약품""을 의미하는 단어로, ""리서치""는 ""연구""를 나타내므로, 이 회사가 **의약품 연구 분야**에 속하는 것으로 추론됩니다. 따라서 해당 회사의 산업 분야는 **의약품(제약) 산업**입니다.",0.49573072306718796,pgvector,14286
최근 분기 매출액은 얼마인가요?,"['부문별정보 당사의 최고영업의사결정자는 영업성과의 평가시 부문별로 구분된 재무정보를 이용하고 있 지 않습니다. 이에 따라, 당사의 재무제표에는 영업부문에 대한 정보가 공시되지 않습니다. 한편, 당기 및 전기 중 유형별 및 지역별 매출액은 다음과 같습니다. 4. 현금및현금성자산 당기말 및 전기말 현재 현금및현금성자산의 내역은 다음과 같습니다. 상기 현금성자산은 만기가 짧고 현행 시장 이자율을 반영하는 변동 이자율 조건으로서 장부 금액과 공정가치와의 차이가 중요하지 아니합니다. (단위: 원) 구분 당기 전기 국내 해외 합계 국내 해외 합계 상품매출 29,555,685,051 54,639,144 29,610,324,195 29,955,072,626 4,697,441,211 34,652,513,837 제품매출 76,159,681,609 30,539,416,203 106,699,097,812 51,005,665,485 17,248,947,423 68,254,612,908 기타매출 2,246,379,241 - 2,246,379,241 944,597,646 - 944,597,646 합계 107,961,745,901 30,594,055,347 138,555,801,248 81,905,335,757 21,946,388,634 103,851,724,391 (단위: 원) 구분 당기말 전기말 보유현금 2,374,410 3,975,020 요구불예금 17,674,936,898 15,681,539,803 합계 17,677,311,308 15,685,514,823 전자공시시스템 dart.fss.or.kr Page 144 5. 금융자산 (1) 당기말 및 전기말 현재 금융자산의 내용은 다음과 같습니다. (2) 당기말 및 전기말 현재 당기손익-공정가치금융자산의 내용은 다음과 같습니다.', '이에 따라, 연결회사의 연결재무제표에는 영업 부문에 대한정보가 공시되 지 않습니다. 한편, 당기 및 전기 중 유형별 및 지역별 매출액은 다음과 같습니다. 4. 현금및현금성자산 당기말 및 전기말 현재 현금및현금성자산의 내역은 다음과 같습니다. 상기 현금성자산은 만기가 짧고 현행 시장이자율을 반영하는 변동 이자율 조건으로서 장부 금액과 공정가치와의 차이가 중요하지 아니합니다. (단위: 원) 구분 당기 전기 국내 해외 합계 국내 해외 합계 상품매출 29,555,685,051 54,639,144 29,610,324,195 29,955,072,626 39,042,348 29,994,114,974 제품매출 76,159,298,654 42,431,276,131 118,590,574,78 5 51,002,938,212 25,065,610,468 76,068,548,680 기타매출 5,881,998,914 - 5,881,998,914 2,683,258,224 - 2,683,258,224 합계 111,596,982,61 9 42,485,915,275 154,082,897,89 4 83,641,269,062 25,104,652,816 108,745,921,87 8 (단위: 원) 구분 당기말 전기말 보유현금 2,959,610 4,614,020 요구불예금 41,671,513,121 26,741,859,764 정부보조금 - (31,467,435) 합계 41,674,472,731 26,715,006,349 전자공시시스템 dart.fss.or.kr Page 70 5. 금융자산 (1) 당기말 및 전기말 현재 금융자산의 내역은 다음과 같습니다. (2) 당기말 및 전기말 현재 당기손익-공정가치금융자산의 내역은 다음과 같습니다.', '당기말 및 전기말 현재 금융부채의 잔존계약만기에 따른 만기분석은 다음과 같습니다. (단위: 원) 구분 당기말 전기말 현금및현금성자산(보유현금 제외) 17,674,936,898 15,681,539,803 단기금융상품 2,000,000,000 8,980,873,974 금융자산(유동) 81,021,116,172 40,571,151,683 매출채권 26,958,041,418 22,171,869,885 기타채권(유동) 1,538,855,807 3,247,837,629 장기금융상품 - 718,039,762 금융자산(비유동) 62,912,866,829 29,619,793,750 기타채권(비유동) 4,970,179,252 845,831,626 합계 197,075,996,376 121,836,938,112 (단위: 원) 구분 연체기간 합계 3개월 미만 4~12개월 미만 12개월 초과 평균기대신용손실률 0.21% 2.08% 100.00% 0.57% 장부금액 20,965,027,233 5,020,858,960 - 25,985,886,193 기대신용손실 43,715,402 104,653,716 - 148,369,119 <당기말> (단위: 원) 구분 장부금액 계약상 현금흐름 6개월 이내 6-12개월 1-2년 2-5년 매입채무 2,618,526,516 2,618,526,516 2,618,526,516 - - - 기타채무 12,998,728,915 12,998,728,915 11,756,528,915 866,000,000 202,200,000 174,000,000 신주인수권부사채 20,590,444,375 25,000,000,000 - - - 25,000,000,000 전자공시시스템 dart.fss.or.kr Page 184 한편, 상기 분석은 장부금액을 기초로 당사가 지급하여야 하는 가장 빠른 만기일에 근거하여 작성되었으며, 이자지급 관련 현금흐름을 포함하고 있습니다.']","최근 분기 매출액은 107,961,745,901 원입니다.",0.6496768246139485,opensearch,43949
최근 분기 매출액은 얼마인가요?,"['[[파마리서치]사업보고서2022.03.17.pdf] 부문별정보 당사의 최고영업의사결정자는 영업성과의 평가시 부문별로 구분된 재무정보를 이용하고 있 지 않습니다. 이에 따라, 당사의 재무제표에는 영업부문에 대한 정보가 공시되지 않습니다. 한편, 당기 및 전기 중 유형별 및 지역별 매출액은 다음과 같습니다. 4. 현금및현금성자산 당기말 및 전기말 현재 현금및현금성자산의 내역은 다음과 같습니다. 상기 현금성자산은 만기가 짧고 현행 시장 이자율을 반영하는 변동 이자율 조건으로서 장부 금액과 공정가치와의 차이가 중요하지 아니합니다. (단위: 원) 구분 당기 전기 국내 해외 합계 국내 해외 합계 상품매출 29,555,685,051 54,639,144 29,610,324,195 29,955,072,626 4,697,441,211 34,652,513,837 제품매출 76,159,681,609 30,539,416,203 106,699,097,812 51,005,665,485 17,248,947,423 68,254,612,908 기타매출 2,246,379,241 - 2,246,379,241 944,597,646 - 944,597,646 합계 107,961,745,901 30,594,055,347 138,555,801,248 81,905,335,757 21,946,388,634 103,851,724,391 (단위: 원) 구분 당기말 전기말 보유현금 2,374,410 3,975,020 요구불예금 17,674,936,898 15,681,539,803 합계 17,677,311,308 15,685,514,823 전자공시시스템 dart.fss.or.kr Page 144 5. 금융자산 (1) 당기말 및 전기말 현재 금융자산의 내용은 다음과 같습니다. (2) 당기말 및 전기말 현재 당기손익-공정가치금융자산의 내용은 다음과 같습니다.', '[[파마리서치]사업보고서2022.03.17.pdf] 이에 따라, 연결회사의 연결재무제표에는 영업 부문에 대한정보가 공시되 지 않습니다. 한편, 당기 및 전기 중 유형별 및 지역별 매출액은 다음과 같습니다. 4. 현금및현금성자산 당기말 및 전기말 현재 현금및현금성자산의 내역은 다음과 같습니다. 상기 현금성자산은 만기가 짧고 현행 시장이자율을 반영하는 변동 이자율 조건으로서 장부 금액과 공정가치와의 차이가 중요하지 아니합니다. (단위: 원) 구분 당기 전기 국내 해외 합계 국내 해외 합계 상품매출 29,555,685,051 54,639,144 29,610,324,195 29,955,072,626 39,042,348 29,994,114,974 제품매출 76,159,298,654 42,431,276,131 118,590,574,78 5 51,002,938,212 25,065,610,468 76,068,548,680 기타매출 5,881,998,914 - 5,881,998,914 2,683,258,224 - 2,683,258,224 합계 111,596,982,61 9 42,485,915,275 154,082,897,89 4 83,641,269,062 25,104,652,816 108,745,921,87 8 (단위: 원) 구분 당기말 전기말 보유현금 2,959,610 4,614,020 요구불예금 41,671,513,121 26,741,859,764 정부보조금 - (31,467,435) 합계 41,674,472,731 26,715,006,349 전자공시시스템 dart.fss.or.kr Page 70 5. 금융자산 (1) 당기말 및 전기말 현재 금융자산의 내역은 다음과 같습니다. (2) 당기말 및 전기말 현재 당기손익-공정가치금융자산의 내역은 다음과 같습니다.', '[[파마리서치]사업보고서2022.03.17.pdf] 기타포괄손익누계액 (1) 당기말 및 전기말 현재 기타포괄손익누계액 내역은 다음과 같습니다. (단위: 원) 구분 당기말 전기말 자기주식 (5,259,612,472) (5,259,612,472) 자기주식처분이익 2,285,633,372 2,285,633,372 합계 (2,973,979,100) (2,973,979,100) (단위: 주,원) 구분 당기 전기 주식수 금액 주식수 금액 기초 136,017 5,259,612,472 136,017 5,259,612,472 취득 - - - - 처분 - - - - 기말 136,017 5,259,612,472 136,017 5,259,612,472 (단위: 원) 구분 당기말 전기말 금융자산평가손익 (590,272,800) 265,547,880 금융자산처분이익 5,400,462 5,400,462 해외사업환산이익 17,661,662 (335,867,540) 지분법자본변동 (217,937,722) (167,430,215) 합계 (785,148,398) (232,349,413) 전자공시시스템 dart.fss.or.kr Page 93 (2) 당기말 및 전기말 현재 금융자산평가손익의 내역은 다음과 같습니다. 26. 이익잉여금 (1) 당기말 및 전기말 현재 이익잉여금의 내역은 다음과 같습니다 (2) 지배기업의 주주총회 승인을 위해 제안된 배당금 내용은 다음과 같습니다.']","최근 분기 매출액은 138,555,801,248 원입니다.  
(참고: 2022년 3월 17일 발표된 보고서에서 '당기' 기준으로 기재된 상품매출, 제품매출, 기타매출 총액을 합산한 값입니다.)",0.6120936291322713,pgvector,37210
회사의 주요 리스크 요인은 무엇인가요?,"['정관에 관한 사항...........................................................................................................10 II. 사업의 내용 ..................................................................................................................11 1. 사업의 개요...................................................................................................................11 2. 주요 제품 및 서비스......................................................................................................12 3. 원재료 및 생산설비 .......................................................................................................12 4. 매출 및 수주상황...........................................................................................................14 5. 위험관리 및 파생거래....................................................................................................16 6. 주요계약 및 연구개발활동.............................................................................................19 7.', '3) 기타가격위험요소 당사는 지분상품에서 발생하는 가격 변동 위험에 노출되어 있습니다. 당기말 및 전기말 현재 다른 변수가 일정하고 지분상품의 가격이 10% 변동할 경우 가격 변동이 자본에 미치는 영향 은 다음과 같습니다. 6. 주요계약 및 연구개발활동 가.', '(4) 시장위험 시장위험이란 환율, 이자율 및 지분증권의 가격 등 시장가격의 변동으로 인하여 금융상품의 공정가치나 미래현금흐름이 변동할 위험을 의미합니다. 시장가격 관리의 목적은 수익을 최 적화하는 반면 수용가능한 한계 이내로 시장위험 노출을 관리 및 통제하는 것입니다. 1) 환위험 당사는 외화로 체결된 매입계약 등과 관련하여 환율 변동 위험에 노출되어 있습니다. 당사의 경영진은 내부적으로 원화 환율 변동에 대한 환위험을 정기적으로 측정하고 있습니다. 당기말과 전기말 현재 기능통화 이외의 외화로 표시된 화폐성 자산 및 부채의 장부금액은 다 음과 같습니다. 당기말 및 전기말 현재 외화에 대한 원화 환율의 10% 변동이 당기손익에 미치는 영향은 다 음과 같습니다. 상기 민감도 분석은 보고기간말 현재 기능통화 이외의 외화로 표시된 화폐성 자산 및부채를 대상으로 하였습니다. 2) 이자율위험 당사는 금융자산과 관련하여 이자율 변동 위험에 노출되어 있습니다.']","회사의 주요 리스크 요인은 환위험, 이자율위험, 지분증권 가격 변동 위험입니다.  
근거: [파마리서치]사업보고서2022.03.17.pdf (청크 30/335)의 시장위험 설명",0.7194655314435918,opensearch,30191
회사의 주요 리스크 요인은 무엇인가요?,"['[[파마리서치]사업보고서2022.03.17.pdf] (4) 시장위험 시장위험이란 환율, 이자율 및 지분증권의 가격 등 시장가격의 변동으로 인하여 금융상품의 공정가치나 미래현금흐름이 변동할 위험을 의미합니다. 시장가격 관리의 목적은 수익을 최 적화하는 반면 수용가능한 한계 이내로 시장위험 노출을 관리 및 통제하는 것입니다. 1) 환위험 당사는 외화로 체결된 매입계약 등과 관련하여 환율 변동 위험에 노출되어 있습니다. 당사의 경영진은 내부적으로 원화 환율 변동에 대한 환위험을 정기적으로 측정하고 있습니다. 당기말과 전기말 현재 기능통화 이외의 외화로 표시된 화폐성 자산 및 부채의 장부금액은 다 음과 같습니다. 당기말 및 전기말 현재 외화에 대한 원화 환율의 10% 변동이 당기손익에 미치는 영향은 다 음과 같습니다. 상기 민감도 분석은 보고기간말 현재 기능통화 이외의 외화로 표시된 화폐성 자산 및부채를 대상으로 하였습니다. 2) 이자율위험 당사는 금융자산과 관련하여 이자율 변동 위험에 노출되어 있습니다.', '[[파마리서치]사업보고서2022.03.17.pdf] ② 그 밖의 복합계약(복합계약이 금융자산이 아닌 주계약을 포함하는 경우) 내재파생상품의 경제적 특성 및 위험이 주계약의 경제적 특성 및 위험과 밀접하게 관련되어 있지 않고, 내재파생상품과 동일한 조건을 가진 별도의 금융상품 등이 파생상품의 정의를 충 족하며 복합계약의 공정가치 변동이 당기손익으로 인식되지 아니하는경우 주계약과 분리하 여 별도의 파생상품으로 회계처리하고 있습니다. (나) 위험회피회계 연결회사는 특정위험으로 인해 인식된 자산이나 부채 또는 미인식된 확정계약의 전체 또는 일부의 공정가치 변동에 대한 위험회피의 경우 공정가치위험회피회계를 적용하며특정위험 으로 인해 인식된 자산이나 부채 또는 발생가능성이 매우 높은 예상거래의 현금흐름 변동에 대한 위험회피의 경우 현금흐름위험회피회계를 적용하고 있습니다. 위험회피회계를 적용하기 위하여 연결회사는 위험회피관계, 위험관리목적, 위험회피전략, 회 전자공시시스템 dart.fss.or.kr Page 55 피대상위험 및 위험회피효과 평가방법 등을 문서화하고 있습니다. 위험회피효과는 회피대상 위험으로 인한 파생상품의 공정가치나 현금흐름의 변동이 위험회피대상항목의 공정가치나 현금흐름의 변동위험을 상쇄하는 효과를 의미합니다. (다) 공정가치위험회피 위험회피수단으로 지정되고, 공정가치위험회피회계의 적용요건을 충족한 파생금융상품의 공정가치 변동은 당기손익으로 인식하고 있으며, 회피대상위험으로 인한 위험회피대상항목 의 공정가치 변동도 당기손익으로 인식하고 있습니다. 단, 위험회피대상항목이 지분상품이며 , 공정가치의 변동을 기타포괄손익으로 표시하기로 선택한 경우에는 위험회피수단의 손익 및 회피대상위험으로 인한 위험회피대상항목의 손익을 기타포괄손익으로 인식하고 있습니 다. 공정가치위험회피회계는 위험회피수단이 소멸, 매각, 행사 또는 종료되거나 공정가치위 험회피회계의 적용조건을 더 이상 충족하지 않을 경우 중단됩니다. 회피대상위험으로 인한 위험회피대상항목의 장부금액 조정액은 위험회피회계가 중단된 날부터 상각하여 당기손익 으로 인식하고 있습니다.', '[[파마리서치]사업보고서2022.03.17.pdf] (1) 위험관리 체계 당사의 위험관리는 당사의 재무적 성과에 영향을 미치는 잠재적 위험을 식별하여 당사가 허 용 가능한 수준으로 감소, 제거 및 회피하는 것을 그 목적으로 하고 있습니다.당사는 전사적 인 수준의 위험관리 정책 및 절차를 마련하여 운영하고 있으며, 당사의재무부문에서 위험관 리에 대한 총괄책임을 담당하고 있습니다. 당사의 재무부문은 이사회에서 승인된 위험관리 정책 및 절차에 따라 당사의 영업과 관련한 금융위험을 감시하고 관리하는 역할을 하고 있으 며, 금융위험의 성격과 노출 정도를 주기적으로 분석하고 있습니다. 또한, 당사의 내부감사인 은 위험관리 정책 및 절차의 준수 여부와 위험노출 한도를 지속적으로 검토하고 있습니다. 당사의 전반적인 금융위험 관리전략은 전기와 동일합니다. (2) 신용위험 당사는 금융상품의 당사자 중 일방이 의무를 이행하지 않아 상대방에게 재무손실을 입힐 신 용위험에 노출되어 있습니다. 당사의 경영진은 신용위험을 관리하기 위하여 신용도가 일정 수준 이상인 거래처와 거래하 고 있으며, 금융자산의 신용보강을 위한 정책과 절차를 마련하여 운영하고 있습니다. 당사는 신규 거래처와 계약시 공개된 재무정보와 신용평가기관에 의하여 제공된 정보 등을 이용하 여 거래처의 신용도를 평가하고 이를 근거로 신용거래한도를 결정하고 있으며, 담보 또는 지 급보증을 제공받고 있습니다.']","회사의 주요 리스크 요인은 환율 위험, 이자율 위험, 신용 위험입니다.  
참고 문서에서 제시된 내용에 따르면, 회사는 환율 변동으로 인한 외화 자산 및 부채의 공정가치 변동 위험(환위험), 이자율 변동으로 인한 금융자산의 미래 현금 흐름 변동 위험(이자율 위험), 그리고 금융상품의 당사자 중 일방이 의무 이행하지 않아 발생할 수 있는 재무 손실 위험(신용위험)을 주요 리스크 요인으로 식별하고 관리하고 있습니다.",0.708177309324789,pgvector,27503
영업이익률은 전년 대비 어떻게 변화했나요?,"['기타비용 180,468,539 2,125,312,694 450,815,461 금융수익 7,098,923,309 3,382,800,350 3,874,796,552 금융원가 1,576,892,460 2,860,417,961 2,985,321,153 관계기업 및 종속기업 투자손익 115,791,953 1,764,910,396 (2,481,818,749) 법인세비용차감전순이 익 58,774,052,798 41,397,818,934 21,402,729,553 법인세비용 9,349,618,268 7,529,969,928 4,296,563,369 당기순이익(손실) 49,424,434,530 33,867,849,006 17,106,166,184 기타포괄손익 (270,060,597) (463,867,055) 429,986,117 \u3000후속적으로 당기손익 으로 재분류될 수 있는 항목 585,760,083 (310,731,995) 259,808,057 \u3000\u3000지분법자본변동 585,760,083 (310,731,995) 259,808,057 \u3000후속적으로 당기손익 으로 재분류되지 않는 항목 (855,820,680) (153,135,060) 170,178,060 \u3000\u3000금융자산평가손익 (855,820,680) (153,135,060) 170,178,060 \u3000\u3000금융자산처분손익 \u3000 \u3000 \u3000 총포괄손익 49,154,373,933 33,403,981,951 17,536,152,301 주당이익 \u3000 \u3000 \u3000 \u3000기본주당이익 (단위 : 원) 4,993 3,562 1,813 \u3000희석주당이익 (단위 : 원) 4,987 3,562 1,813 자본변동표 제 21 기 2021.01.01 부터 2021.12.31 까지 제 20 기 2020.01.01 부터 2020.12.31 까지 제 19 기 2019.01.01 부터 2019.12.31 까지 (단위 : 원) \u3000 자본 자본금 자본잉여금 기타자본구성요소 이익잉여금 자본 합계 2019.01.01 (기초자 본) 4,733,108,500 121,857,134,159 1,844,559,754 69,034,026,446 197,468,828,859 당기순이익(손실) \u3000 \u3000 \u3000 17,106,166,184 17,106,166,184 금융자산평가손익 \u3000 \u3000 170,178,060 \u3000 170,178,060 전자공시시스템 dart.fss.or.kr Page 118 지분법자본변동 \u3000 \u3000 259,808,057 \u3000 259,808,057 배당금지급 \u3000 \u3000 \u3000 (2,973,431,100) (2,973,431,100) 전환상환우선주의 보 통주 전환 44,285,500 2,654,902,916 \u3000 \u3000 2,699,188,416 전환권대가의 대체 \u3000 (395,611,460) \u3000 \u3000 (395,611,460) 자기주식 거래로 인한 증감 \u3000 \u3000 (4,992,175,750) \u3000 (4,992,175,750) 연결범위변동 \u3000 \u3000 \u3000 \u3000 \u3000 기타거래 \u3000 \u3000 \u3000 \u3000 \u3000 종속기업 및 관계기 업의 재측정요소에 대 한 지분 \u3000 \u3000 \u3000 \u3000 \u3000 자본 증가(감소) 합계 44,285,500 2,259,291,456 (4,562,189,633) 14,132,735,084 11,874,122,407 2019.12.31 (기말자 본) 4,777,394,000 124,116,425,615 (2,717,629,879) 83,166,761,530 209,342,951,266 2020.01.01 (기초자 본) 4,777,394,000 124,116,425,615 (2,717,629,879) 83,166,761,530 209,342,951,266 당기순이익(손실) \u3000 \u3000 \u3000 33,867,849,006 33,867,849,006 금융자산평가손익 \u3000 \u3000 (153,135,060) \u3000 (153,135,060) 지분법자본변동 \u3000 \u3000 (310,731,995) \u3000 (310,731,995) 배당금지급 \u3000 \u3000 \u3000 (2,942,631,300) (2,942,631,300) 전환상환우선주의 보 통주 전환 117,142,000 7,747,226,342 \u3000 \u3000 7,864,368,342 전환권대가의 대체 \u3000 (1,046,456,120) \u3000 \u3000 (1,046,456,120) 자기주식 거래로 인한 증감 \u3000 \u3000 \u3000 \u3000 \u3000 연결범위변동 \u3000 \u3000 \u3000 \u3000 \u3000 기타거래 \u3000 \u3000 \u3000 \u3000 \u3000 종속기업 및 관계기 업의 재측정요소에 대 한 지분 \u3000 \u3000 \u3000 \u3000 \u3000 자본 증가(감소) 합계 117,142,000 6,700,770,222 (463,867,055) 30,925,217,706 37,279,262,873 2020.12.31 (기말자 본) 4,894,536,000 130,817,195,837 (3,181,496,934) 114,091,979,236 246,622,214,139 2021.01.01 (기초자 본) 4,894,536,000 130,817,195,837 (3,181,496,934) 114,091,979,236 246,622,214,139 당기순이익(손실) \u3000 \u3000 \u3000 49,424,434,530 49,424,434,530 금융자산평가손익 \u3000 \u3000 (855,820,680) \u3000 (855,820,680) 지분법자본변동 \u3000 \u3000 585,760,083 \u3000 585,760,083 배당금지급 \u3000 \u3000 \u3000 (4,939,527,500) (4,939,527,500) 전환상환우선주의 보 통주 전환 161,429,000 11,227,752,916 \u3000 \u3000 11,389,181,916 전환권대가의 대체 \u3000 7,870,120,670 \u3000 \u3000 7,870,120,670 자기주식 거래로 인한 증감 \u3000 \u3000 \u3000 \u3000 \u3000 연결범위변동 \u3000 \u3000 \u3000 \u3000 \u3000 전자공시시스템 dart.fss.or.kr Page 119 ※ 상기 재무제표는 주주총회 승인 전 재무제표로 향후 정기주주총회에서 재무제표 승인 관련 안건이 부결되거 나 수정이 발생한 경우 정정보고서를 통해 그 내용 및 사유 등을 반영할 예정입니다.', '기타비용 180,468,539 2,125,312,694 450,815,461 금융수익 7,098,923,309 3,382,800,350 3,874,796,552 금융원가 1,576,892,460 2,860,417,961 2,985,321,153 관계기업 및 종속기업 투자손익 115,791,953 1,764,910,396 (2,481,818,749) 법인세비용차감전순이 익 58,774,052,798 41,397,818,934 21,402,729,553 법인세비용 9,349,618,268 7,529,969,928 4,296,563,369 당기순이익(손실) 49,424,434,530 33,867,849,006 17,106,166,184 기타포괄손익 (270,060,597) (463,867,055) 429,986,117 \u3000후속적으로 당기손익 으로 재분류될 수 있는 항목 585,760,083 (310,731,995) 259,808,057 \u3000\u3000지분법자본변동 585,760,083 (310,731,995) 259,808,057 \u3000후속적으로 당기손익 으로 재분류되지 않는 항목 (855,820,680) (153,135,060) 170,178,060 \u3000\u3000금융자산평가손익 (855,820,680) (153,135,060) 170,178,060 \u3000\u3000금융자산처분손익 \u3000 \u3000 \u3000 총포괄손익 49,154,373,933 33,403,981,951 17,536,152,301 주당이익 \u3000 \u3000 \u3000 \u3000기본주당이익 (단위 : 원) 4,993 3,562 1,813 \u3000희석주당이익 (단위 : 원) 4,987 3,562 1,813 자본변동표 제 21 기 2021.01.01 부터 2021.12.31 까지 제 20 기 2020.01.01 부터 2020.12.31 까지 제 19 기 2019.01.01 부터 2019.12.31 까지 (단위 : 원) \u3000 자본 자본금 자본잉여금 기타자본구성요소 이익잉여금 자본 합계 2019.01.01 (기초자 본) 4,733,108,500 121,857,134,159 1,844,559,754 69,034,026,446 197,468,828,859 당기순이익(손실) \u3000 \u3000 \u3000 17,106,166,184 17,106,166,184 금융자산평가손익 \u3000 \u3000 170,178,060 \u3000 170,178,060 전자공시시스템 dart.fss.or.kr Page 118 지분법자본변동 \u3000 \u3000 259,808,057 \u3000 259,808,057 배당금지급 \u3000 \u3000 \u3000 (2,973,431,100) (2,973,431,100) 전환상환우선주의 보 통주 전환 44,285,500 2,654,902,916 \u3000 \u3000 2,699,188,416 전환권대가의 대체 \u3000 (395,611,460) \u3000 \u3000 (395,611,460) 자기주식 거래로 인한 증감 \u3000 \u3000 (4,992,175,750) \u3000 (4,992,175,750) 연결범위변동 \u3000 \u3000 \u3000 \u3000 \u3000 기타거래 \u3000 \u3000 \u3000 \u3000 \u3000 종속기업 및 관계기 업의 재측정요소에 대 한 지분 \u3000 \u3000 \u3000 \u3000 \u3000 자본 증가(감소) 합계 44,285,500 2,259,291,456 (4,562,189,633) 14,132,735,084 11,874,122,407 2019.12.31 (기말자 본) 4,777,394,000 124,116,425,615 (2,717,629,879) 83,166,761,530 209,342,951,266 2020.01.01 (기초자 본) 4,777,394,000 124,116,425,615 (2,717,629,879) 83,166,761,530 209,342,951,266 당기순이익(손실) \u3000 \u3000 \u3000 33,867,849,006 33,867,849,006 금융자산평가손익 \u3000 \u3000 (153,135,060) \u3000 (153,135,060) 지분법자본변동 \u3000 \u3000 (310,731,995) \u3000 (310,731,995) 배당금지급 \u3000 \u3000 \u3000 (2,942,631,300) (2,942,631,300) 전환상환우선주의 보 통주 전환 117,142,000 7,747,226,342 \u3000 \u3000 7,864,368,342 전환권대가의 대체 \u3000 (1,046,456,120) \u3000 \u3000 (1,046,456,120) 자기주식 거래로 인한 증감 \u3000 \u3000 \u3000 \u3000 \u3000 연결범위변동 \u3000 \u3000 \u3000 \u3000 \u3000 기타거래 \u3000 \u3000 \u3000 \u3000 \u3000 종속기업 및 관계기 업의 재측정요소에 대 한 지분 \u3000 \u3000 \u3000 \u3000 \u3000 자본 증가(감소) 합계 117,142,000 6,700,770,222 (463,867,055) 30,925,217,706 37,279,262,873 2020.12.31 (기말자 본) 4,894,536,000 130,817,195,837 (3,181,496,934) 114,091,979,236 246,622,214,139 2021.01.01 (기초자 본) 4,894,536,000 130,817,195,837 (3,181,496,934) 114,091,979,236 246,622,214,139 당기순이익(손실) \u3000 \u3000 \u3000 49,424,434,530 49,424,434,530 금융자산평가손익 \u3000 \u3000 (855,820,680) \u3000 (855,820,680) 지분법자본변동 \u3000 \u3000 585,760,083 \u3000 585,760,083 배당금지급 \u3000 \u3000 \u3000 (4,939,527,500) (4,939,527,500) 전환상환우선주의 보 통주 전환 161,429,000 11,227,752,916 \u3000 \u3000 11,389,181,916 전환권대가의 대체 \u3000 7,870,120,670 \u3000 \u3000 7,870,120,670 자기주식 거래로 인한 증감 \u3000 \u3000 \u3000 \u3000 \u3000 연결범위변동 \u3000 \u3000 \u3000 \u3000 \u3000 전자공시시스템 dart.fss.or.kr Page 119 ※ 상기 재무제표는 주주총회 승인 전 재무제표로 향후 정기주주총회에서 재무제표 승인 관련 안건이 부결되거 나 수정이 발생한 경우 정정보고서를 통해 그 내용 및 사유 등을 반영할 예정입니다.', '(단위: 원) 구분 당기 전기 법인세비용 9,209,784,085 7,085,034,356 이자수익 (3,725,833,392) (2,097,615,937) 이자비용 1,313,688,104 1,786,758,466 당기손익인식 금융자산평가이익 (1,041,196,821) (491,514,253) 당기손익인식 금융자산평가손실 296,665,376 735,988,642 당기손익인식 금융자산처분손실 - 14,731,405 장기금융상품평가손실 - 70,122,418 장기금융상품평가이익 - (68,183,238) 장기투자자산평가이익 (88,520,455) - 유형자산폐기손실 - 362,597,250 재고자산폐기손실 1,400,754,643 1,429,251,990 재고자산감모손실 - 5,648,077 감가상각비 5,960,401,734 4,767,136,958 지급수수료 - 2,890,000 무형자산상각비 3,591,996,798 3,593,010,088 무형자산처분이익 (229,601,091) - 무형자산손상차손 839,660,131 1,245,583,001 퇴직급여 13,442,888 - 외화환산이익 (136,294,177) (103,993,037) 외화환산손실 2,296,575 235,006,489 대손상각비 (406,725,023) (1,309,303,299) 재고자산평가손실 166,469,575 (89,484,402) 관계기업의당기순손익에 대한 지분 증가 (3,378,082,463) (4,158,777,704) 관계기업의당기순손익에 대한 지분 감소 2,821,155,302 972,173,289 관계기업지분처분손실 - 18,567,722 잡비 69,363,939 35,177,144 관계기업지분법처분이익 (110,438,498) - 합계 16,568,987,230 14,040,805,425 전자공시시스템 dart.fss.or.kr Page 113 (2) 당기 및 전기 중 영업활동으로 인한 자산ㆍ부채의 변동내역은 다음과 같습니다.']","당신이 제공한 데이터에서 **매출액(수익)**과 **영업이익(EBIT)**을 계산할 수 있는 정보가 부족합니다. 한국의 재무 보고서에서 영업이익률(Operating Profit Margin)을 계산하려면 다음 정보가 필요합니다:

1. **매출액(수익)**: 기업의 총 매출액(수익)을 나타내는 항목입니다.
2. **영업이익(EBIT)**: 매출액에서 비영업 비용(감가상각비, 무형자산상각비 등)을 뺀 수익입니다.

### 문제점 분석
- 제공된 데이터에는 매출액과 영업이익을 직접 계산할 수 있는 항목이 없습니다.
- 예시: ""당기 전기"" 뒤에 1,530와 209,342,951,266과 같은 숫자가 있지만, 이는 **법인세비용** 또는 **기타 비용**을 나타내는 항목일 수 있으나, 매출액을 직접 보여주지 않습니다.
- 영업이익을 계산하려면 매출액 → 비용(감가상각비, 무형자산상각비 등) → 영업이익 순서로 계산해야 하지만, 해당 데이터가 누락되었습니다.

### 해결 방법
1. **매출액을 확인하세요**: 재무 보고서에서 ""매출액"" 또는 ""매출수익"" 항목을 찾아야 합니다.
2. **영업이익을 계산하세요**: 
   - 매출액 - 비영업 비용(감가상각비, 무형자산상각비, 재고자산 평가 손실 등) = 영업이익
3. **영업이익률 계산**: 
   $$
   \text{영업이익률} = \left( \frac{\text{영업이익}}{\text{매출액}} \right) \times 100
   $$

### 결론
**제공된 데이터에서 매출액이 없으므로 영업이익률을 정확히 계산할 수 없습니다.**  
재무 보고서에서 ""매출액"" 항목을 확인하고, 영업이익을 계산한 후 위 공식을 적용해야 합니다.

예시로, 가정해보면:
- 매출액 = 100억 원
- 영업이익 = 15억 원
- 영업이익률 = (15억 / 100억) × 100 = **15%**

이와 같이 **매출액이 추가로 제공되면 정확한 계산이 가능합니다**.",0.4445716321009811,opensearch,87046
영업이익률은 전년 대비 어떻게 변화했나요?,"['[[파마리서치]사업보고서2022.03.17.pdf] 기타비용 180,468,539 2,125,312,694 450,815,461 금융수익 7,098,923,309 3,382,800,350 3,874,796,552 금융원가 1,576,892,460 2,860,417,961 2,985,321,153 관계기업 및 종속기업 투자손익 115,791,953 1,764,910,396 (2,481,818,749) 법인세비용차감전순이 익 58,774,052,798 41,397,818,934 21,402,729,553 법인세비용 9,349,618,268 7,529,969,928 4,296,563,369 당기순이익(손실) 49,424,434,530 33,867,849,006 17,106,166,184 기타포괄손익 (270,060,597) (463,867,055) 429,986,117 \u3000후속적으로 당기손익 으로 재분류될 수 있는 항목 585,760,083 (310,731,995) 259,808,057 \u3000\u3000지분법자본변동 585,760,083 (310,731,995) 259,808,057 \u3000후속적으로 당기손익 으로 재분류되지 않는 항목 (855,820,680) (153,135,060) 170,178,060 \u3000\u3000금융자산평가손익 (855,820,680) (153,135,060) 170,178,060 \u3000\u3000금융자산처분손익 \u3000 \u3000 \u3000 총포괄손익 49,154,373,933 33,403,981,951 17,536,152,301 주당이익 \u3000 \u3000 \u3000 \u3000기본주당이익 (단위 : 원) 4,993 3,562 1,813 \u3000희석주당이익 (단위 : 원) 4,987 3,562 1,813 자본변동표 제 21 기 2021.01.01 부터 2021.12.31 까지 제 20 기 2020.01.01 부터 2020.12.31 까지 제 19 기 2019.01.01 부터 2019.12.31 까지 (단위 : 원) \u3000 자본 자본금 자본잉여금 기타자본구성요소 이익잉여금 자본 합계 2019.01.01 (기초자 본) 4,733,108,500 121,857,134,159 1,844,559,754 69,034,026,446 197,468,828,859 당기순이익(손실) \u3000 \u3000 \u3000 17,106,166,184 17,106,166,184 금융자산평가손익 \u3000 \u3000 170,178,060 \u3000 170,178,060 전자공시시스템 dart.fss.or.kr Page 118 지분법자본변동 \u3000 \u3000 259,808,057 \u3000 259,808,057 배당금지급 \u3000 \u3000 \u3000 (2,973,431,100) (2,973,431,100) 전환상환우선주의 보 통주 전환 44,285,500 2,654,902,916 \u3000 \u3000 2,699,188,416 전환권대가의 대체 \u3000 (395,611,460) \u3000 \u3000 (395,611,460) 자기주식 거래로 인한 증감 \u3000 \u3000 (4,992,175,750) \u3000 (4,992,175,750) 연결범위변동 \u3000 \u3000 \u3000 \u3000 \u3000 기타거래 \u3000 \u3000 \u3000 \u3000 \u3000 종속기업 및 관계기 업의 재측정요소에 대 한 지분 \u3000 \u3000 \u3000 \u3000 \u3000 자본 증가(감소) 합계 44,285,500 2,259,291,456 (4,562,189,633) 14,132,735,084 11,874,122,407 2019.12.31 (기말자 본) 4,777,394,000 124,116,425,615 (2,717,629,879) 83,166,761,530 209,342,951,266 2020.01.01 (기초자 본) 4,777,394,000 124,116,425,615 (2,717,629,879) 83,166,761,530 209,342,951,266 당기순이익(손실) \u3000 \u3000 \u3000 33,867,849,006 33,867,849,006 금융자산평가손익 \u3000 \u3000 (153,135,060) \u3000 (153,135,060) 지분법자본변동 \u3000 \u3000 (310,731,995) \u3000 (310,731,995) 배당금지급 \u3000 \u3000 \u3000 (2,942,631,300) (2,942,631,300) 전환상환우선주의 보 통주 전환 117,142,000 7,747,226,342 \u3000 \u3000 7,864,368,342 전환권대가의 대체 \u3000 (1,046,456,120) \u3000 \u3000 (1,046,456,120) 자기주식 거래로 인한 증감 \u3000 \u3000 \u3000 \u3000 \u3000 연결범위변동 \u3000 \u3000 \u3000 \u3000 \u3000 기타거래 \u3000 \u3000 \u3000 \u3000 \u3000 종속기업 및 관계기 업의 재측정요소에 대 한 지분 \u3000 \u3000 \u3000 \u3000 \u3000 자본 증가(감소) 합계 117,142,000 6,700,770,222 (463,867,055) 30,925,217,706 37,279,262,873 2020.12.31 (기말자 본) 4,894,536,000 130,817,195,837 (3,181,496,934) 114,091,979,236 246,622,214,139 2021.01.01 (기초자 본) 4,894,536,000 130,817,195,837 (3,181,496,934) 114,091,979,236 246,622,214,139 당기순이익(손실) \u3000 \u3000 \u3000 49,424,434,530 49,424,434,530 금융자산평가손익 \u3000 \u3000 (855,820,680) \u3000 (855,820,680) 지분법자본변동 \u3000 \u3000 585,760,083 \u3000 585,760,083 배당금지급 \u3000 \u3000 \u3000 (4,939,527,500) (4,939,527,500) 전환상환우선주의 보 통주 전환 161,429,000 11,227,752,916 \u3000 \u3000 11,389,181,916 전환권대가의 대체 \u3000 7,870,120,670 \u3000 \u3000 7,870,120,670 자기주식 거래로 인한 증감 \u3000 \u3000 \u3000 \u3000 \u3000 연결범위변동 \u3000 \u3000 \u3000 \u3000 \u3000 전자공시시스템 dart.fss.or.kr Page 119 ※ 상기 재무제표는 주주총회 승인 전 재무제표로 향후 정기주주총회에서 재무제표 승인 관련 안건이 부결되거 나 수정이 발생한 경우 정정보고서를 통해 그 내용 및 사유 등을 반영할 예정입니다.', '[[파마리서치]사업보고서2022.03.17.pdf] 기타비용 180,468,539 2,125,312,694 450,815,461 금융수익 7,098,923,309 3,382,800,350 3,874,796,552 금융원가 1,576,892,460 2,860,417,961 2,985,321,153 관계기업 및 종속기업 투자손익 115,791,953 1,764,910,396 (2,481,818,749) 법인세비용차감전순이 익 58,774,052,798 41,397,818,934 21,402,729,553 법인세비용 9,349,618,268 7,529,969,928 4,296,563,369 당기순이익(손실) 49,424,434,530 33,867,849,006 17,106,166,184 기타포괄손익 (270,060,597) (463,867,055) 429,986,117 \u3000후속적으로 당기손익 으로 재분류될 수 있는 항목 585,760,083 (310,731,995) 259,808,057 \u3000\u3000지분법자본변동 585,760,083 (310,731,995) 259,808,057 \u3000후속적으로 당기손익 으로 재분류되지 않는 항목 (855,820,680) (153,135,060) 170,178,060 \u3000\u3000금융자산평가손익 (855,820,680) (153,135,060) 170,178,060 \u3000\u3000금융자산처분손익 \u3000 \u3000 \u3000 총포괄손익 49,154,373,933 33,403,981,951 17,536,152,301 주당이익 \u3000 \u3000 \u3000 \u3000기본주당이익 (단위 : 원) 4,993 3,562 1,813 \u3000희석주당이익 (단위 : 원) 4,987 3,562 1,813 자본변동표 제 21 기 2021.01.01 부터 2021.12.31 까지 제 20 기 2020.01.01 부터 2020.12.31 까지 제 19 기 2019.01.01 부터 2019.12.31 까지 (단위 : 원) \u3000 자본 자본금 자본잉여금 기타자본구성요소 이익잉여금 자본 합계 2019.01.01 (기초자 본) 4,733,108,500 121,857,134,159 1,844,559,754 69,034,026,446 197,468,828,859 당기순이익(손실) \u3000 \u3000 \u3000 17,106,166,184 17,106,166,184 금융자산평가손익 \u3000 \u3000 170,178,060 \u3000 170,178,060 전자공시시스템 dart.fss.or.kr Page 118 지분법자본변동 \u3000 \u3000 259,808,057 \u3000 259,808,057 배당금지급 \u3000 \u3000 \u3000 (2,973,431,100) (2,973,431,100) 전환상환우선주의 보 통주 전환 44,285,500 2,654,902,916 \u3000 \u3000 2,699,188,416 전환권대가의 대체 \u3000 (395,611,460) \u3000 \u3000 (395,611,460) 자기주식 거래로 인한 증감 \u3000 \u3000 (4,992,175,750) \u3000 (4,992,175,750) 연결범위변동 \u3000 \u3000 \u3000 \u3000 \u3000 기타거래 \u3000 \u3000 \u3000 \u3000 \u3000 종속기업 및 관계기 업의 재측정요소에 대 한 지분 \u3000 \u3000 \u3000 \u3000 \u3000 자본 증가(감소) 합계 44,285,500 2,259,291,456 (4,562,189,633) 14,132,735,084 11,874,122,407 2019.12.31 (기말자 본) 4,777,394,000 124,116,425,615 (2,717,629,879) 83,166,761,530 209,342,951,266 2020.01.01 (기초자 본) 4,777,394,000 124,116,425,615 (2,717,629,879) 83,166,761,530 209,342,951,266 당기순이익(손실) \u3000 \u3000 \u3000 33,867,849,006 33,867,849,006 금융자산평가손익 \u3000 \u3000 (153,135,060) \u3000 (153,135,060) 지분법자본변동 \u3000 \u3000 (310,731,995) \u3000 (310,731,995) 배당금지급 \u3000 \u3000 \u3000 (2,942,631,300) (2,942,631,300) 전환상환우선주의 보 통주 전환 117,142,000 7,747,226,342 \u3000 \u3000 7,864,368,342 전환권대가의 대체 \u3000 (1,046,456,120) \u3000 \u3000 (1,046,456,120) 자기주식 거래로 인한 증감 \u3000 \u3000 \u3000 \u3000 \u3000 연결범위변동 \u3000 \u3000 \u3000 \u3000 \u3000 기타거래 \u3000 \u3000 \u3000 \u3000 \u3000 종속기업 및 관계기 업의 재측정요소에 대 한 지분 \u3000 \u3000 \u3000 \u3000 \u3000 자본 증가(감소) 합계 117,142,000 6,700,770,222 (463,867,055) 30,925,217,706 37,279,262,873 2020.12.31 (기말자 본) 4,894,536,000 130,817,195,837 (3,181,496,934) 114,091,979,236 246,622,214,139 2021.01.01 (기초자 본) 4,894,536,000 130,817,195,837 (3,181,496,934) 114,091,979,236 246,622,214,139 당기순이익(손실) \u3000 \u3000 \u3000 49,424,434,530 49,424,434,530 금융자산평가손익 \u3000 \u3000 (855,820,680) \u3000 (855,820,680) 지분법자본변동 \u3000 \u3000 585,760,083 \u3000 585,760,083 배당금지급 \u3000 \u3000 \u3000 (4,939,527,500) (4,939,527,500) 전환상환우선주의 보 통주 전환 161,429,000 11,227,752,916 \u3000 \u3000 11,389,181,916 전환권대가의 대체 \u3000 7,870,120,670 \u3000 \u3000 7,870,120,670 자기주식 거래로 인한 증감 \u3000 \u3000 \u3000 \u3000 \u3000 연결범위변동 \u3000 \u3000 \u3000 \u3000 \u3000 전자공시시스템 dart.fss.or.kr Page 119 ※ 상기 재무제표는 주주총회 승인 전 재무제표로 향후 정기주주총회에서 재무제표 승인 관련 안건이 부결되거 나 수정이 발생한 경우 정정보고서를 통해 그 내용 및 사유 등을 반영할 예정입니다.', '[[파마리서치]사업보고서2022.03.17.pdf] (단위: 원) 구분 당기 전기 법인세비용 9,209,784,085 7,085,034,356 이자수익 (3,725,833,392) (2,097,615,937) 이자비용 1,313,688,104 1,786,758,466 당기손익인식 금융자산평가이익 (1,041,196,821) (491,514,253) 당기손익인식 금융자산평가손실 296,665,376 735,988,642 당기손익인식 금융자산처분손실 - 14,731,405 장기금융상품평가손실 - 70,122,418 장기금융상품평가이익 - (68,183,238) 장기투자자산평가이익 (88,520,455) - 유형자산폐기손실 - 362,597,250 재고자산폐기손실 1,400,754,643 1,429,251,990 재고자산감모손실 - 5,648,077 감가상각비 5,960,401,734 4,767,136,958 지급수수료 - 2,890,000 무형자산상각비 3,591,996,798 3,593,010,088 무형자산처분이익 (229,601,091) - 무형자산손상차손 839,660,131 1,245,583,001 퇴직급여 13,442,888 - 외화환산이익 (136,294,177) (103,993,037) 외화환산손실 2,296,575 235,006,489 대손상각비 (406,725,023) (1,309,303,299) 재고자산평가손실 166,469,575 (89,484,402) 관계기업의당기순손익에 대한 지분 증가 (3,378,082,463) (4,158,777,704) 관계기업의당기순손익에 대한 지분 감소 2,821,155,302 972,173,289 관계기업지분처분손실 - 18,567,722 잡비 69,363,939 35,177,144 관계기업지분법처분이익 (110,438,498) - 합계 16,568,987,230 14,040,805,425 전자공시시스템 dart.fss.or.kr Page 113 (2) 당기 및 전기 중 영업활동으로 인한 자산ㆍ부채의 변동내역은 다음과 같습니다.']","데이터에서 제공된 정보를 기반으로 운영 수익률(Operating Profit Margin)을 계산하기 위해서는 매출액(revenue)이 필요합니다. 그러나 주어진 데이터에서 매출액이 명시되지 않았습니다. 따라서 정확한 수익률을 계산할 수 없습니다.

하지만, 문제의 맥락에서 ""합계""를 운영 수익(EBIT)으로 가정하고, 매출액을 100단위로 가정한 경우 다음과 같이 추정할 수 있습니다:

- **2020년**: 운영 수익 = 14,040,805,425 → 수익률 = **14.04%**
- **2021년**: 운영 수익 = 16,568,987,230 → 수익률 = **16.57%**

따라서, **2020년에서 2021년으로 운영 수익률이 14.04%에서 16.57%로 증가**했습니다.

> **참고**: 이 추정은 매출액이 100단위로 가정된 경우에 한정됩니다. 실제 수익률을 정확히 계산하려면 매출액 데이터가 필요합니다. 

**최종 답변**: 운영 수익률이 2020년 14.04%에서 2021년 16.57%로 증가했습니다.",0.5415670891633623,pgvector,77568
회사의 주요 사업 부문은 어떻게 구성되어 있나요?,"['정관에 관한 사항...........................................................................................................10 II. 사업의 내용 ..................................................................................................................11 1. 사업의 개요...................................................................................................................11 2. 주요 제품 및 서비스......................................................................................................12 3. 원재료 및 생산설비 .......................................................................................................12 4. 매출 및 수주상황...........................................................................................................14 5. 위험관리 및 파생거래....................................................................................................16 6. 주요계약 및 연구개발활동.............................................................................................19 7.', '(24) 주당이익 연결회사는 기본주당이익과 희석주당이익을 보통주에 귀속되는 계속영업손익과 당기순손익 에 대하여 계산하고 포괄손익계산서에 표시하고 있습니다. 기본주당이익은 보통주에 귀속되는 특정 회계기간의 당기순손익을 그 기간에 유통된보통주 식수를 가중평균한 주식수로 나누어 계산하고 있으며, 보통주에 귀속되는 금액은 계속영업 손익과 당기순손익 각각의 금액에서 자본으로 분류된 우선주에 대한 세후우선주 배당금,우 선주 상환시 발생한 차액 및 유사한 효과를 조정한 금액입니다. 희석주당이익은 모든 희석효과가 있는 잠재적보통주의 영향을 고려하여 보통주에 귀속되는 당기순손익 및 가중평균유통보통주식수를 조정하여 계산하고 있습니다. (25) 중요한 회계추정 및 판단 한국채택국제회계기준에서는 재무제표를 작성함에 있어서 회계정책의 적용이나, 보고기간 말 현재 자산, 부채 및 수익, 비용의 보고금액에 영향을 미치는 사항에 대하여 경영진의 최선 의 판단을 기준으로 한 추정치와 가정의 사용을 요구하고 있습니다. 보고기간말 현재 경영진 의 최선의 판단을 기준으로 한 추정치와 가정이 실제 환경과 다를 경우 이러한 추정치와 실 제결과는 다를 수 있습니다. 2021년도 중 COVID-19의 확산은 국내외 경제에 중대한 영향을 미치고 있습니다. 이는 생 산성 저하와 매출의 감소나 지연, 기존 채권의 회수 등에 부정적인 영향을 미칠 수 있으며 이 로 인해 연결회사의 재무상태와 재무성과에도 부정적인 영향이 발생할 수 있습니다. 재무제표 작성시 사용된 중요한 회계추정 및 가정은 COVID-19에 따른 불확실성의 변동에 따라 조정될 수 있으며, COVID-19로 인하여 연결회사의 사업, 재무상태 및 경영성과 등에 미칠 궁극적인 영향은 현재 예측할 수 없습니다. 전자공시시스템 dart.fss.or.kr Page 69 3. 부문별정보 연결회사의 최고영업 의사결정자는 영업성과의 평가시 부문별로 구분된 재무정보를 이용하 고 있지 않습니다. 이에 따라, 연결회사의 연결재무제표에는 영업 부문에 대한정보가 공시되 지 않습니다.', '(22) 주당이익 당사는 기본주당이익과 희석주당이익을 보통주에 귀속되는 계속영업손익과 당기순손익에 대하여 계산하고 포괄손익계산서에 표시하고 있습니다. 기본주당이익은 보통주에 귀속되는 특정 회계기간의 당기순손익을 그 기간에 유통된보통주 식수를 가중평균한 주식수로 나누어 계산하고 있으며, 보통주에 귀속되는 금액은 계속영업 손익과 당기순손익 각각의 금액에서 자본으로 분류된 우선주에 대한 세후우선주 배당금,우 선주 상환시 발생한 차액 및 유사한 효과를 조정한 금액입니다. 희석주당이익은 모든 희석효과가 있는 잠재적보통주의 영향을 고려하여 보통주에 귀속되는 당기순손익 및 가중평균유통보통주식수를 조정하여 계산하고 있습니다. (23) 중요한 회계추정 및 판단 한국채택국제회계기준에서는 재무제표를 작성함에 있어서 회계정책의 적용이나, 보고기간 말 현재 자산, 부채 및 수익, 비용의 보고금액에 영향을 미치는 사항에 대하여 경영진의 최선 의 판단을 기준으로 한 추정치와 가정의 사용을 요구하고 있습니다. 보고기간말 현재 경영진 의 최선의 판단을 기준으로 한 추정치와 가정이 실제 환경과 다를 경우 이러한 추정치와 실 제결과는 다를 수 있습니다. 전자공시시스템 dart.fss.or.kr Page 142 2021년도 중 COVID-19의 확산은 국내외 경제에 중대한 영향을 미치고 있습니다. 이는 생 산성 저하와 매출의 감소나 지연, 기존 채권의 회수 등에 부정적인 영향을 미칠 수 있으며 이 로 인해 연결회사의 재무상태와 재무성과에도 부정적인 영향이 발생할 수 있습니다. 재무제표 작성시 사용된 중요한 회계추정 및 가정은 COVID-19에 따른 불확실성의 변동에 따라 조정될 수 있으며, COVID-19로 인하여 연결회사의 사업, 재무상태 및 경영성과 등에 미칠 궁극적인 영향은 현재 예측할 수 없습니다. 전자공시시스템 dart.fss.or.kr Page 143 3. 부문별정보 당사의 최고영업의사결정자는 영업성과의 평가시 부문별로 구분된 재무정보를 이용하고 있 지 않습니다.']",회사의 주요 사업 부문 구조에 대한 정보가 제공된 문서에서 명시되지 않았습니다. 근거: 참고 문서의 부문별정보 섹션,0.6633785078796596,opensearch,44814
회사의 주요 사업 부문은 어떻게 구성되어 있나요?,"['[[파마리서치]사업보고서2022.03.17.pdf] (22) 주당이익 당사는 기본주당이익과 희석주당이익을 보통주에 귀속되는 계속영업손익과 당기순손익에 대하여 계산하고 포괄손익계산서에 표시하고 있습니다. 기본주당이익은 보통주에 귀속되는 특정 회계기간의 당기순손익을 그 기간에 유통된보통주 식수를 가중평균한 주식수로 나누어 계산하고 있으며, 보통주에 귀속되는 금액은 계속영업 손익과 당기순손익 각각의 금액에서 자본으로 분류된 우선주에 대한 세후우선주 배당금,우 선주 상환시 발생한 차액 및 유사한 효과를 조정한 금액입니다. 희석주당이익은 모든 희석효과가 있는 잠재적보통주의 영향을 고려하여 보통주에 귀속되는 당기순손익 및 가중평균유통보통주식수를 조정하여 계산하고 있습니다. (23) 중요한 회계추정 및 판단 한국채택국제회계기준에서는 재무제표를 작성함에 있어서 회계정책의 적용이나, 보고기간 말 현재 자산, 부채 및 수익, 비용의 보고금액에 영향을 미치는 사항에 대하여 경영진의 최선 의 판단을 기준으로 한 추정치와 가정의 사용을 요구하고 있습니다. 보고기간말 현재 경영진 의 최선의 판단을 기준으로 한 추정치와 가정이 실제 환경과 다를 경우 이러한 추정치와 실 제결과는 다를 수 있습니다. 전자공시시스템 dart.fss.or.kr Page 142 2021년도 중 COVID-19의 확산은 국내외 경제에 중대한 영향을 미치고 있습니다. 이는 생 산성 저하와 매출의 감소나 지연, 기존 채권의 회수 등에 부정적인 영향을 미칠 수 있으며 이 로 인해 연결회사의 재무상태와 재무성과에도 부정적인 영향이 발생할 수 있습니다. 재무제표 작성시 사용된 중요한 회계추정 및 가정은 COVID-19에 따른 불확실성의 변동에 따라 조정될 수 있으며, COVID-19로 인하여 연결회사의 사업, 재무상태 및 경영성과 등에 미칠 궁극적인 영향은 현재 예측할 수 없습니다. 전자공시시스템 dart.fss.or.kr Page 143 3. 부문별정보 당사의 최고영업의사결정자는 영업성과의 평가시 부문별로 구분된 재무정보를 이용하고 있 지 않습니다.', '[[파마리서치]사업보고서2022.03.17.pdf] (24) 주당이익 연결회사는 기본주당이익과 희석주당이익을 보통주에 귀속되는 계속영업손익과 당기순손익 에 대하여 계산하고 포괄손익계산서에 표시하고 있습니다. 기본주당이익은 보통주에 귀속되는 특정 회계기간의 당기순손익을 그 기간에 유통된보통주 식수를 가중평균한 주식수로 나누어 계산하고 있으며, 보통주에 귀속되는 금액은 계속영업 손익과 당기순손익 각각의 금액에서 자본으로 분류된 우선주에 대한 세후우선주 배당금,우 선주 상환시 발생한 차액 및 유사한 효과를 조정한 금액입니다. 희석주당이익은 모든 희석효과가 있는 잠재적보통주의 영향을 고려하여 보통주에 귀속되는 당기순손익 및 가중평균유통보통주식수를 조정하여 계산하고 있습니다. (25) 중요한 회계추정 및 판단 한국채택국제회계기준에서는 재무제표를 작성함에 있어서 회계정책의 적용이나, 보고기간 말 현재 자산, 부채 및 수익, 비용의 보고금액에 영향을 미치는 사항에 대하여 경영진의 최선 의 판단을 기준으로 한 추정치와 가정의 사용을 요구하고 있습니다. 보고기간말 현재 경영진 의 최선의 판단을 기준으로 한 추정치와 가정이 실제 환경과 다를 경우 이러한 추정치와 실 제결과는 다를 수 있습니다. 2021년도 중 COVID-19의 확산은 국내외 경제에 중대한 영향을 미치고 있습니다. 이는 생 산성 저하와 매출의 감소나 지연, 기존 채권의 회수 등에 부정적인 영향을 미칠 수 있으며 이 로 인해 연결회사의 재무상태와 재무성과에도 부정적인 영향이 발생할 수 있습니다. 재무제표 작성시 사용된 중요한 회계추정 및 가정은 COVID-19에 따른 불확실성의 변동에 따라 조정될 수 있으며, COVID-19로 인하여 연결회사의 사업, 재무상태 및 경영성과 등에 미칠 궁극적인 영향은 현재 예측할 수 없습니다. 전자공시시스템 dart.fss.or.kr Page 69 3. 부문별정보 연결회사의 최고영업 의사결정자는 영업성과의 평가시 부문별로 구분된 재무정보를 이용하 고 있지 않습니다. 이에 따라, 연결회사의 연결재무제표에는 영업 부문에 대한정보가 공시되 지 않습니다.', '[[파마리서치]사업보고서2022.03.17.pdf] 판매경로 및 판매방법 등 (1) 판매조직 (단위 : 백만원) 공장별 자산별 소재지 기초 가액 당기증감 당기 상각 기말 가액 비고 증가 감소 공장 토지 강릉공장토지 강원도 강릉시 과학단지로 77-19(대전동) 2,091 - - - 2,091 공시지가 : 87,500원/m2 건물 강릉공장건물 22,261 11 - 610 21,662 - 구축물 로고,외부사인물 외 102 - - 7 95 - 기계 장치 외 기타 8,324 1,971 - 1,884 8,411 - 소 계 32,778 1,982 - 2,501 32,259 - (단위 : 백만원) 구 분 판 매 구 분 2021년 2020년 2019년 비 고 금액 비율 금액 비율 금액 비율 의약품 내 수 31,596 20.5% 31,492 29.0% 38,420 45.8% - 수 출 12,756 8.3% 7,650 7.0% 1,267 1.5% - 계 44,352 28.8% 39,142 36.0% 39,687 47.3% - 의료기기 내 수 62,652 40.7% 41,846 38.5% 20,405 24.3% - 수 출 13,602 8.8% 8,135 7.5% 8,432 10.1% - 계 76,254 49.5% 49,981 46.0% 28,837 34.4% - 화장품 내 수 11,307 7.3% 7,531 6.9% 4,703 5.6% - 수 출 15,858 10.3% 9,222 8.5% 8,017 9.6% - 계 27,165 17.6% 16,753 15.4% 12,720 15.2% - 기타 내 수 6,042 3.9% 2,772 2.5% 2,487 3.0% - 수 출 270 0.2% 98 0.1% 141 0.1% - 계 6,312 4.1% 2,870 2.6% 2,628 3.1% - 합계 내 수 111,597 72.4% 83,641 76.9% 66,015 78.7% - 수 출 42,486 27.6% 25,105 23.1% 17,857 21.3% - 계 154,083 100.0% 108,746 100.0% 83,872 100.0% - 전자공시시스템 dart.fss.or.kr Page 14 당사의 제품은 당사의 자체 직접판매 영업조직 및 국내 제약사와의 공급계약을 통한 공동판 매, 그리고 지역별로 판매 대리점을 통해 위탁 판매되고 있습니다.']","회사의 주요 사업 부문은 다음과 같이 구성되어 있습니다. 참고 문서에서 2021년도 기준으로 제공된 데이터에 따라 다음과 같이 분류됩니다:

1. **의료기기** (49.5%)  
   - 2021년 매출액: 76,254백만원 (전체의 49.5%)
   - 2020년: 49,981백만원 (46.0%), 2019년: 28,837백만원 (34.4%)

2. **의약품** (28.8%)  
   - 2021년 매출액: 44,352백만원 (전체의 28.8%)
   - 2020년: 39,142백만원 (36.0%), 2019년: 39,687백만원 (47.3%)

3. **화장품** (17.6%)  
   - 2021년 매출액: 27,165백만원 (전체의 17.6%)
   - 2020년: 16,753백만원 (15.4%), 2019년: 12,720백만원 (15.2%)

4. **기타** (4.1%)  
   - 2021년 매출액: 6,312백만원 (전체의 4.1%)
   - 2020년: 2,870백만원 (2.6%), 2019년: 2,628백만원 (3.1%)

### 주요 특징
- **의료기기**가 가장 큰 비중을 차지하며, 2021년 기준 전체 매출의 약 49.5%를 차지했습니다.
- 제품 판매 방식은 **자체 직접 판매 조직**, **국내 제약사와의 공급 계약을 통한 공동 판매**, **지역별 판매 대리점 위탁 판매**로 이루어집니다.
- 2021년 기준으로 의료기기와 의약품이 주요 사업 부문으로 구성되며, 화장품과 기타 분야는 보조적 비중을 차지합니다.

이 정보는 [파마리서치] 사업보고서 2022.03.17.pdf의 ""판매경로 및 판매방법"" 섹션에서 제공된 데이터에서 도출되었습니다.",0.4893199891811924,pgvector,23950
최대주주는 누구인가요?,"['최대주주의 주요경력 및 개요 다. 주식 소유현황 (기준일 : 2021.12.31 ) (단위 : 주, %) 성 명 관 계 주식의 종류 소유주식수 및 지분율 비고기 초 기 말 주식수 지분율 주식수 지분율 정상수 본인 보통주 3,561,373 35.56 3,561,373 35.22 - 강기석 임원 보통주 384,390 3.84 384,390 3.80 - 백승걸 임원 보통주 50,000 0.50 50,000 0.49 - 박필현 친인척 보통주 10,000 0.10 10,000 0.10 - 정래승 친인척 보통주 10,000 0.10 10,000 0.10 - 정유진 친인척 보통주 10,000 0.10 10,000 0.10 - 배하석 임원 보통주 1,397 0.01 1,397 0.01 - 계 보통주 4,027,160 40.21 4,027,160 39.82 - 우선주 - - - - - 대주주 구분 성명 직책명 약 력 경력사항 겸임현황 개인 정상수 이사회 의장 1993.12~현재 - 중앙대학교 약학 - 前 ㈜ 바이오사포젠 대표이사 - 前 ㈜ 파마헬스케어 사내이사 - 前 ㈜ 파마엠디 대표이사 - 前 ㈜ 파마리서치 대표이사 - 現 ㈜ 파마리서치바이오 이사회 의장 - 現 ㈜ 파마리서치 이사회 의장 ㈜ 파마리서치바이오 사내이사 (기준일 : 2021.12.31 ) (단위 : 주) 구분 주주명 소유주식수 지분율(%) 비고 5% 이상 주주 정상수 3,561,373 35.70 최대주주 국민연금공단 611,298 6.13 - 전자공시시스템 dart.fss.or.kr Page 215 ※ 지분율은 기준일 현재 의결권 있는 주식 기준으로 산정하였습니다. 소액주주현황 라.', '감사위원 선임의 건 3. 이사보수한도 승인의 건 가결 정기 2017-03-24 1. 제16기 재무제표 승인의 건 2. 정관 일부 변경의 건 3. 이사 선임의 건 4. 이사보수한도 승인의 건 가결 정기 2018-03-30 1. 제17기 재무제표 승인의 건 2. 이사 선임의 건 3. 감사위원회 위원 선임의 건 4. 이사보수한도 승인의 건 가결 정기 2019-03-27 1. 제18기 재무제표 승인의 건 2. 정관 일부 변경의 건 3. 이사 선임의건 4. 감사위원회 위원 선임의 건 5. 이사보수한도 승인의 건 가결 임시 2019-05-29 1. 정관 일부 변경의 건 2. 이사 선임의 건 3. 감사위원회 위원 선임의 건 가결 정기 2020-03-25 1. 제19기 재무제표 승인의 건 2. 이사 선임의 건 3. 이사보수한도 승인의 건 4. 정관 일부 변경의 건 가결 정기 2021-03-26 1. 제20기 재무제표 승인의 건 2. 정관 일부 변경의 건 3. 임원퇴직금지급규정 변경의 건 4. 이사 선임의 건 5. 감사위원회 위원이 되는 사외이사 선임의 건 6. 이사보수한도 승인의 건 가결 전자공시시스템 dart.fss.or.kr Page 214 VII. 주주에 관한 사항 가. 최대주주 및 특수관계인에 관한 사항 당사의 최대주주는 정상수 의장으로 본 보고서 제출 기준일 현재 정상수 의장과 특수관계인 이 39.82%를 보유하고 있습니다. 최대주주 및 특수관계인의 주식소유 현황 나. 최대주주의 주요경력 및 개요 다.', '향후 주주총회에서 부결되거나 수정이 발생할 경우 정정보고서를 통해 그 내 용 및 사유를 반영하겠습니다.. 다. 직원 등 현황 다. 미등기임원 보수 현황 선임 정상수 남 1958.04 사내이사 - 중앙대학교 약학 - 前 ㈜ 바이오사포젠 대표이사 - 前 ㈜ 파마헬스케어 사내이사 - 前 ㈜ 파마엠디 대표이사 - 前 ㈜ 파마리서치 대표이사 - 現 ㈜ 파마리서치바이오 이사회 의장 - 現 ㈜ 파마리서치 이사회 의장 2022.03.25 최대주주 선임 김원권 남 1968.05 사내이사 - KAIST 테크노경영대학원 MBA - 前 코오롱제약(주) 경영지원실 실장 - 前 (주) 덕화푸드 CFO 상무 - 現 (주) 파마리서치 경영전략본부 전무 2022.03.25 - 선임 김시인 남 1957.03 사외이사 및 감사위원회 위원 - 가천대학교 회계학 - 前 세무공무원 - 前 (주) 탑엔지니어링 사외이사 - 現 김시인세무회계사무소 대표세무사 2022.03.25 - 선임 이상원 남 1970.02 사외이사 및 감사위원회 위원 -서울대학교 기술경영학 박사 - 前 국제약품(주) - 前 한국보건산업진흥원 - 現 성균관대학교 약학대학 조교수 2022.03.25 - (기준일 : 2021.12.31 ) (단위 : 백만원) 직원 소속 외 근로자 비고 사업부문 성별 직 원 수 평 균 근속연수 연간급여 총 액 1인평균 급여액 남 여 계 기간의 정함이 없는 근로자 기간제 근로자 합 계 전체 (단시간 근로자) 전체 (단시간 근로자) 의약품 남 174 - 1 - 175 3.0 9,280 53 - 1 1 - 의약품 여 89 1 5 - 95 2.9 3,911 41 - 합 계 263 1 6 - 270 3.0 13,191 49 - (기준일 : 2021.12.31 ) (단위 : 백만원) 구 분 인원수 연간급여 총액 1인평균 급여액 비고 미등기임원 - - - - 전자공시시스템 dart.fss.or.kr Page 218 2. 임원의 보수 등 가. 주주총회 승인금액 나. 보수지급금액 (1) 이사ㆍ감사 전체 (2) 유형별 다.']","최대주주는 정상수입니다.  
근거: 참고 문서의 최대주주 및 특수관계인 주식소유 현황 표 (2021.12.31 기준)",0.43447009627459754,opensearch,14236
최대주주는 누구인가요?,"['[[파마리서치]사업보고서2022.03.17.pdf] 감사위원 선임의 건 3. 이사보수한도 승인의 건 가결 정기 2017-03-24 1. 제16기 재무제표 승인의 건 2. 정관 일부 변경의 건 3. 이사 선임의 건 4. 이사보수한도 승인의 건 가결 정기 2018-03-30 1. 제17기 재무제표 승인의 건 2. 이사 선임의 건 3. 감사위원회 위원 선임의 건 4. 이사보수한도 승인의 건 가결 정기 2019-03-27 1. 제18기 재무제표 승인의 건 2. 정관 일부 변경의 건 3. 이사 선임의건 4. 감사위원회 위원 선임의 건 5. 이사보수한도 승인의 건 가결 임시 2019-05-29 1. 정관 일부 변경의 건 2. 이사 선임의 건 3. 감사위원회 위원 선임의 건 가결 정기 2020-03-25 1. 제19기 재무제표 승인의 건 2. 이사 선임의 건 3. 이사보수한도 승인의 건 4. 정관 일부 변경의 건 가결 정기 2021-03-26 1. 제20기 재무제표 승인의 건 2. 정관 일부 변경의 건 3. 임원퇴직금지급규정 변경의 건 4. 이사 선임의 건 5. 감사위원회 위원이 되는 사외이사 선임의 건 6. 이사보수한도 승인의 건 가결 전자공시시스템 dart.fss.or.kr Page 214 VII. 주주에 관한 사항 가. 최대주주 및 특수관계인에 관한 사항 당사의 최대주주는 정상수 의장으로 본 보고서 제출 기준일 현재 정상수 의장과 특수관계인 이 39.82%를 보유하고 있습니다. 최대주주 및 특수관계인의 주식소유 현황 나. 최대주주의 주요경력 및 개요 다.', '[[파마리서치]사업보고서2022.03.17.pdf] 최대주주의 주요경력 및 개요 다. 주식 소유현황 (기준일 : 2021.12.31 ) (단위 : 주, %) 성 명 관 계 주식의 종류 소유주식수 및 지분율 비고기 초 기 말 주식수 지분율 주식수 지분율 정상수 본인 보통주 3,561,373 35.56 3,561,373 35.22 - 강기석 임원 보통주 384,390 3.84 384,390 3.80 - 백승걸 임원 보통주 50,000 0.50 50,000 0.49 - 박필현 친인척 보통주 10,000 0.10 10,000 0.10 - 정래승 친인척 보통주 10,000 0.10 10,000 0.10 - 정유진 친인척 보통주 10,000 0.10 10,000 0.10 - 배하석 임원 보통주 1,397 0.01 1,397 0.01 - 계 보통주 4,027,160 40.21 4,027,160 39.82 - 우선주 - - - - - 대주주 구분 성명 직책명 약 력 경력사항 겸임현황 개인 정상수 이사회 의장 1993.12~현재 - 중앙대학교 약학 - 前 ㈜ 바이오사포젠 대표이사 - 前 ㈜ 파마헬스케어 사내이사 - 前 ㈜ 파마엠디 대표이사 - 前 ㈜ 파마리서치 대표이사 - 現 ㈜ 파마리서치바이오 이사회 의장 - 現 ㈜ 파마리서치 이사회 의장 ㈜ 파마리서치바이오 사내이사 (기준일 : 2021.12.31 ) (단위 : 주) 구분 주주명 소유주식수 지분율(%) 비고 5% 이상 주주 정상수 3,561,373 35.70 최대주주 국민연금공단 611,298 6.13 - 전자공시시스템 dart.fss.or.kr Page 215 ※ 지분율은 기준일 현재 의결권 있는 주식 기준으로 산정하였습니다. 소액주주현황 라.', '[[파마리서치]사업보고서2022.03.17.pdf] 향후 주주총회에서 부결되거나 수정이 발생할 경우 정정보고서를 통해 그 내 용 및 사유를 반영하겠습니다.. 다. 직원 등 현황 다. 미등기임원 보수 현황 선임 정상수 남 1958.04 사내이사 - 중앙대학교 약학 - 前 ㈜ 바이오사포젠 대표이사 - 前 ㈜ 파마헬스케어 사내이사 - 前 ㈜ 파마엠디 대표이사 - 前 ㈜ 파마리서치 대표이사 - 現 ㈜ 파마리서치바이오 이사회 의장 - 現 ㈜ 파마리서치 이사회 의장 2022.03.25 최대주주 선임 김원권 남 1968.05 사내이사 - KAIST 테크노경영대학원 MBA - 前 코오롱제약(주) 경영지원실 실장 - 前 (주) 덕화푸드 CFO 상무 - 現 (주) 파마리서치 경영전략본부 전무 2022.03.25 - 선임 김시인 남 1957.03 사외이사 및 감사위원회 위원 - 가천대학교 회계학 - 前 세무공무원 - 前 (주) 탑엔지니어링 사외이사 - 現 김시인세무회계사무소 대표세무사 2022.03.25 - 선임 이상원 남 1970.02 사외이사 및 감사위원회 위원 -서울대학교 기술경영학 박사 - 前 국제약품(주) - 前 한국보건산업진흥원 - 現 성균관대학교 약학대학 조교수 2022.03.25 - (기준일 : 2021.12.31 ) (단위 : 백만원) 직원 소속 외 근로자 비고 사업부문 성별 직 원 수 평 균 근속연수 연간급여 총 액 1인평균 급여액 남 여 계 기간의 정함이 없는 근로자 기간제 근로자 합 계 전체 (단시간 근로자) 전체 (단시간 근로자) 의약품 남 174 - 1 - 175 3.0 9,280 53 - 1 1 - 의약품 여 89 1 5 - 95 2.9 3,911 41 - 합 계 263 1 6 - 270 3.0 13,191 49 - (기준일 : 2021.12.31 ) (단위 : 백만원) 구 분 인원수 연간급여 총액 1인평균 급여액 비고 미등기임원 - - - - 전자공시시스템 dart.fss.or.kr Page 218 2. 임원의 보수 등 가. 주주총회 승인금액 나. 보수지급금액 (1) 이사ㆍ감사 전체 (2) 유형별 다.']","최대주주는 **정상수**입니다.  
참고 문서에서 ""당사의 최대주주는 정상수 의장으로 본 보고서 제출 기준일(2021.12.31) 현재 정상수 의장과 특수관계인 이 39.82%를 보유하고 있습니다.""라고 명시되었습니다.  
구체적으로, 정상수는 보통주 3,561,373주(35.22%)를 소유하며, 특수관계인과 함께 총 39.82%의 주식을 보유하고 있습니다.  
정상수는 중앙대학교 약학 학위를 가지고 있으며, ㈜ 바이오사포젠 대표이사, ㈜ 파마헬스케어 사내이사, ㈜ 파마리서치 대표이사 등으로 활동한 경력이 있습니다.  

**답변**: 최대주주는 정상수입니다.",0.6127280681094188,pgvector,18723
회사의 연구개발비 지출 규모는 어느 정도인가요?,"['판매비와관리비 (1) 당기 및 전기 중 판매비와관리비의 내역은 다음과 같습니다. (단위: 원) 구분 당기 전기 보통주 우선주 계 보통주 우선주 계 발행주식수 10,111,930주 - 10,111,930주 9,789,072주 226,000주 10,015,072주 자기주식수 (136,017)주 - (136,017)주 (136,017)주 - (136,017)주 배당주식수 9,975,913주 - 9,975,913주 9,653,055주 226,000주 9,879,055주 주당배당금 600 - 600 500 500 500 배당금 5,985,547,800 - 5,985,547,800 4,826,527,500 113,000,000 4,939,527,500 (단위: 원) 구분 당기 전기 급여 10,965,526,994 8,714,215,201 퇴직급여 1,241,769,247 1,056,652,155 복리후생비 2,269,263,643 1,587,248,546 여비교통비 691,316,727 502,269,025 감가상각비 2,298,939,632 1,401,406,724 무형자산상각비 576,207,409 577,029,354 대손상각비(대손충당금환입액) (384,206,522) (1,305,691,799) 지급수수료 9,985,679,269 5,617,152,677 지급임차료 33,502,410 100,357,696 경상연구개발비 5,669,773,198 4,430,345,023 세금과공과 267,205,183 200,500,817 접대비 414,592,165 377,654,362 도서인쇄비 44,364,060 33,868,009 소모품비 476,671,621 278,468,250 광고선전비 8,407,478,457 4,266,410,512 기타일반관리비 2,244,762,542 2,653,664,219 합계 45,202,846,035 30,491,550,771 전자공시시스템 dart.fss.or.kr Page 168 (2) 당기와 전기 비용으로 인식한 경상연구개발비의 내역은 다음과 같습니다. 28.', '(2) 당기 및 전기 중 비용으로 인식한 경상연구개발비 내역은 다음과 같습니다. (단위: 원) 구분 당기 전기 급여 13,967,674,986 10,234,853,409 퇴직급여 1,832,099,184 1,203,489,313 복리후생비 2,405,201,983 1,725,510,042 여비교통비 887,827,999 684,672,376 감가상각비 2,752,083,600 1,799,371,858 무형자산상각비 3,591,996,798 3,593,010,088 대손상각비 (384,206,522) (1,309,303,299) 지급수수료 10,646,273,341 5,843,922,714 지급임차료 42,217,286 112,357,696 경상연구개발비 6,737,875,591 5,542,929,311 세금과공과 313,546,818 240,173,498 접대비 463,050,938 419,392,848 도서인쇄비 72,795,813 70,634,002 소모품비 518,359,053 311,039,028 광고선전비 9,338,690,770 5,711,399,166 기타일반관리비 2,658,158,071 3,287,061,245 합계 55,843,645,709 39,470,513,295 (단위: 원) 구분 당기 전기 인건비 2,771,036,927 2,127,235,250 위탁용역비 587,215,656 428,999,072 기타 3,379,623,008 2,986,694,989 합계 6,737,875,591 5,542,929,311 비용배분 판매비와관리비 6,737,875,591 5,542,929,311 제조경비 - - 합계 6,737,875,591 5,542,929,311 전자공시시스템 dart.fss.or.kr Page 96 28. 기타수익 및 기타비용 (1) 당기 및 전기 기타수익의 내역은 다음과 같습니다. (주1) 전기 중 관세법 변경 적용에 따른 관세환급금 4,674,584,780원이 포함되어 있습니다. (2) 당기 및 전기 기타비용의 내역은 다음과 같습니다.', '연구개발활동 (1) 연구개발활동의 개요 당사의 연구소는 2011년 4월 기업부설연구소를 인증 받은 후, 인류의 삶의 질 개선과 창의 적이고 혁신적인 제품개발을 위하여 지속적인 연구를 하고 있습니다. 특히 연어에서 유래한 PDRN, PN의 유효성 및 탁월성을 바탕으로 의약품, 의료기기, 화장품, 건강기능식품까지 다 양한 분야에 대한 연구개발활동이 이뤄지고 있으며, 후속제품들을 준비하고 있습니다. (2) 연구개발 담당조직 당사의 연구개발 조직은 R&D본부 산하 1 연구소, 1 부, 1 실로 구성되어 있으며 그 현황은 아래와 같습니다. 1) 조직도 2) 연구개발 인력 현황 당사의 연구 인력은 총 38명으로 구성되어 있으며, 구성인원으로는 박사 4명, 석사 25명, 학 사 9명으로 구성되어 있습니다. 구 분 주요 업무 연구소 - 제형 및 제품화 연구 - 생산공정 개발 개발부 - 신제품의 기획 - 제품 허가 및 발매 OI실 - License in, License out 검토 - 목적제품의 시장 분석 및 사업성 검토 구 분 인원(명) 박사 석사 기타 합계 연구소 4 15 1 20 개발부 - 6 4 10 OI실 - 4 4 8 합 계 4 25 9 38 전자공시시스템 dart.fss.or.kr Page 20 3) 핵심연구인력 (3) 연구개발비용 1) 연구개발 비용<연결재무제표기준> 2) 연구개발 비용<별도재무제표기준> (4) 연구개발실적 1) 연구개발 현황 성명 직급 주요업무 최종학위 주요경력 실적 김수정 연구개발본부 (연구소장) 연구기획, 소재 및 제품 개발 Ph.D.']","회사의 연구개발비 지출 규모는 당기 6,737,875,591 원입니다. 근거: [파마리서치]사업보고서2022.03.17.pdf (청크 262/335)의 경상연구개발비 항목",0.5931605656398866,opensearch,36368
회사의 연구개발비 지출 규모는 어느 정도인가요?,"['[[파마리서치]사업보고서2022.03.17.pdf] 판매비와관리비 (1) 당기 및 전기 중 판매비와관리비의 내역은 다음과 같습니다. (단위: 원) 구분 당기 전기 보통주 우선주 계 보통주 우선주 계 발행주식수 10,111,930주 - 10,111,930주 9,789,072주 226,000주 10,015,072주 자기주식수 (136,017)주 - (136,017)주 (136,017)주 - (136,017)주 배당주식수 9,975,913주 - 9,975,913주 9,653,055주 226,000주 9,879,055주 주당배당금 600 - 600 500 500 500 배당금 5,985,547,800 - 5,985,547,800 4,826,527,500 113,000,000 4,939,527,500 (단위: 원) 구분 당기 전기 급여 10,965,526,994 8,714,215,201 퇴직급여 1,241,769,247 1,056,652,155 복리후생비 2,269,263,643 1,587,248,546 여비교통비 691,316,727 502,269,025 감가상각비 2,298,939,632 1,401,406,724 무형자산상각비 576,207,409 577,029,354 대손상각비(대손충당금환입액) (384,206,522) (1,305,691,799) 지급수수료 9,985,679,269 5,617,152,677 지급임차료 33,502,410 100,357,696 경상연구개발비 5,669,773,198 4,430,345,023 세금과공과 267,205,183 200,500,817 접대비 414,592,165 377,654,362 도서인쇄비 44,364,060 33,868,009 소모품비 476,671,621 278,468,250 광고선전비 8,407,478,457 4,266,410,512 기타일반관리비 2,244,762,542 2,653,664,219 합계 45,202,846,035 30,491,550,771 전자공시시스템 dart.fss.or.kr Page 168 (2) 당기와 전기 비용으로 인식한 경상연구개발비의 내역은 다음과 같습니다. 28.', '[[파마리서치]사업보고서2022.03.17.pdf] (2) 당기 및 전기 중 비용으로 인식한 경상연구개발비 내역은 다음과 같습니다. (단위: 원) 구분 당기 전기 급여 13,967,674,986 10,234,853,409 퇴직급여 1,832,099,184 1,203,489,313 복리후생비 2,405,201,983 1,725,510,042 여비교통비 887,827,999 684,672,376 감가상각비 2,752,083,600 1,799,371,858 무형자산상각비 3,591,996,798 3,593,010,088 대손상각비 (384,206,522) (1,309,303,299) 지급수수료 10,646,273,341 5,843,922,714 지급임차료 42,217,286 112,357,696 경상연구개발비 6,737,875,591 5,542,929,311 세금과공과 313,546,818 240,173,498 접대비 463,050,938 419,392,848 도서인쇄비 72,795,813 70,634,002 소모품비 518,359,053 311,039,028 광고선전비 9,338,690,770 5,711,399,166 기타일반관리비 2,658,158,071 3,287,061,245 합계 55,843,645,709 39,470,513,295 (단위: 원) 구분 당기 전기 인건비 2,771,036,927 2,127,235,250 위탁용역비 587,215,656 428,999,072 기타 3,379,623,008 2,986,694,989 합계 6,737,875,591 5,542,929,311 비용배분 판매비와관리비 6,737,875,591 5,542,929,311 제조경비 - - 합계 6,737,875,591 5,542,929,311 전자공시시스템 dart.fss.or.kr Page 96 28. 기타수익 및 기타비용 (1) 당기 및 전기 기타수익의 내역은 다음과 같습니다. (주1) 전기 중 관세법 변경 적용에 따른 관세환급금 4,674,584,780원이 포함되어 있습니다. (2) 당기 및 전기 기타비용의 내역은 다음과 같습니다.', '[[파마리서치]사업보고서2022.03.17.pdf] 연구개발활동 (1) 연구개발활동의 개요 당사의 연구소는 2011년 4월 기업부설연구소를 인증 받은 후, 인류의 삶의 질 개선과 창의 적이고 혁신적인 제품개발을 위하여 지속적인 연구를 하고 있습니다. 특히 연어에서 유래한 PDRN, PN의 유효성 및 탁월성을 바탕으로 의약품, 의료기기, 화장품, 건강기능식품까지 다 양한 분야에 대한 연구개발활동이 이뤄지고 있으며, 후속제품들을 준비하고 있습니다. (2) 연구개발 담당조직 당사의 연구개발 조직은 R&D본부 산하 1 연구소, 1 부, 1 실로 구성되어 있으며 그 현황은 아래와 같습니다. 1) 조직도 2) 연구개발 인력 현황 당사의 연구 인력은 총 38명으로 구성되어 있으며, 구성인원으로는 박사 4명, 석사 25명, 학 사 9명으로 구성되어 있습니다. 구 분 주요 업무 연구소 - 제형 및 제품화 연구 - 생산공정 개발 개발부 - 신제품의 기획 - 제품 허가 및 발매 OI실 - License in, License out 검토 - 목적제품의 시장 분석 및 사업성 검토 구 분 인원(명) 박사 석사 기타 합계 연구소 4 15 1 20 개발부 - 6 4 10 OI실 - 4 4 8 합 계 4 25 9 38 전자공시시스템 dart.fss.or.kr Page 20 3) 핵심연구인력 (3) 연구개발비용 1) 연구개발 비용<연결재무제표기준> 2) 연구개발 비용<별도재무제표기준> (4) 연구개발실적 1) 연구개발 현황 성명 직급 주요업무 최종학위 주요경력 실적 김수정 연구개발본부 (연구소장) 연구기획, 소재 및 제품 개발 Ph.D.']","회사의 연구개발비 지출 규모는 다음과 같습니다.  
- **당기(2022년 3월 기준)**: 6,737,875,591 원 (약 674억 원)  
- **전기(2021년)**: 5,542,929,311 원 (약 554억 원)  

이 데이터는 파마리서치 2022년 3월 17일 발표 사업보고서에서 ""당기 및 전기 중 비용으로 인식한 경상연구개발비"" 항목에서 확인한 내용입니다. 회사는 의약품, 의료기기, 화장품, 건강기능식품 등 다각분야에 걸쳐 연구개발 활동을 수행하며, 연구 인력 38명(박사 4명, 석사 25명, 학사 9명)을 투입하고 있습니다.",0.4925616159972041,pgvector,21821
오늘 서울 날씨는 어때?,"['나.', '보호예수 현황 당사는 보고서 작성 기준일 현재 해당 사항이 없습니다. 다. 미상환 전환사채 발행현황 라. 미상환 신주인수권부사채등의 발행현황 마. 미상환 전환형 조건부자본증권 등 발행현황 당사는 보고서 작성 기준일 현재 해당 사항이 없습니다.', ""이후 마이크 버튼을 다시 눌러야 다음 질문이 가능하도록 함 실시간 대화가 영어로 응답하는 문제 발견: 질문을 그대로 LLM에 전달해 언어가 통제되지 않던 것이 원인. 프롬프트에 한국어로만 답하라는 지시문을 명시적으로 포함하여 해결 28.2 실시간 웹 검색 보강 (Tavily) 실시간 정보(날씨 등)가 필요한 질문에 로컬 LLM이 답을 모른 채 얼버무리는 문제를 해결하기 위해, 질문마다 먼저 짧은 판단용 LLM 호출로 웹 검색 필요 여부를 결정(SEARCH: 검색어 / NONE 형식 강제) Tavily Search API(무료 티어 월 1,000회) 연동. 검색이 필요하다고 판단되면 검색 결과를 컨텍스트로 삼아 최종 답변을 생성하도록 프롬프트 구성 28.3 클라우드 배포 시도 - Oracle Cloud 실패, GCP로 전환 Oracle Cloud Always Free(ARM 4코어/24GB, 영구 무료)로 경량 RAG 데모 배포를 시도했으나, 가입 단계에서 반복적으로 '등록을 완료할 수 없습니다' 오류 발생(VPN/카드/전화번호 등 여러 원인이 있을 수 있는 Oracle 특유의 사기 방지 로직으로 추정). 여러 시도에도 해결되지 않아 대안으로 전환 GCP 무료 체험($300 크레딧, 90일)으로 전환. asia-northeast3(서울) 리전에 e2-standard-4(vCPU 4개, RAM 16GB, x86) 인스턴스 생성, Ubuntu 22.04 LTS 설치. VPC 방화벽 규칙(allow-8080, TCP 8080, 0.0.0.0/0)을 별도로 추가해야 외부 접속이 가능함을 확인 (Compute Engine 메뉴가 아닌 VPC 네트워크 메뉴에 별도로 위치) SSH 접속 후 Docker 공식 설치 스크립트(get-docker.sh)로 Docker 설치.""]","제공된 문서에서 해당 정보를 찾을 수 없습니다  
근거: 제공된 문서에서 서울 날씨 정보가 명시적으로 포함되지 않았습니다",0.6607510381157048,opensearch,16105
회사의 임직원 수는 몇 명인가요?,"[""아울러 System.out 직접 호출 대신 SLF4J Logger 사용으로 전환하여 Spring Boot 프로젝트의 일반적인 로깅 관례에 맞춤 27.7 최종 검증 성공 모든 개선(목차 필터, 임계값 0.25, OCR 보완) 적용 후 langchain_rag_demo.py로 '회사의 임직원 수는 몇 명인가요?' 재질의. 검색된 5건이 모두 임계값을 통과했고, 답변이 '회사의 임직원 수는 270명입니다'로 정확한 수치와 근거(사업부문별 성별 직원 수 표, 의약품 남 174명/여 89명)를 함께 제시함을 확인 이로써 pgvector 경로의 청킹-필터링-OCR-임계값 파이프라인 전체가 실제 표 데이터 질의에 대해서도 정확하게 동작함을 최종 검증 27.8 보류된 로드맵: 프롬프트 개선 및 QLoRA 파인튜닝 계획 할루시네이션 억제를 위한 개선된 프롬프트(문서 근거 명시, 정보 없을 시 명확히 밝히기, 답변 근거 한 줄 요약 규칙 포함)를 설계함. RagService/PgVectorRagService 양쪽에 적용 후 collect_results.py + evaluate_ragas.py로 기존 baseline과 A/B 비교하는 절차까지 계획했으나, 이번 세션에서는 Ollama 모델 유실 이슈 대응이 우선되어 실제 적용/비교는 미착수 상태로 보류 로컬 GPU(8GB VRAM) 제약을 고려해 QLoRA(4비트 양자화 + LoRA) 기반 파인튜닝 로드맵을 수립."", '임원 및 직원 등에 관한 사항....................................................................................217 1. 임원 및 직원 등의 현황 ...............................................................................................217 2. 임원의 보수 등............................................................................................................219 IX. 계열회사 등에 관한 사항............................................................................................221 X. 대주주 등과의 거래내용..............................................................................................223 XI. 그 밖에 투자자 보호를 위하여 필요한 사항 ................................................................224 1. 공시내용 진행 및 변경사항..........................................................................................224 2. 우발부채 등에 관한 사항 .............................................................................................224 3. 제재 등과 관련된 사항.................................................................................................224 4.', '목 차 사 업 보 고 서 .....................................................................................................................1 【 대표이사 등의 확인 】 ....................................................................................................2 I. 회사의 개요......................................................................................................................3 1. 회사의 개요.....................................................................................................................3 2. 회사의 연혁.....................................................................................................................4 3. 자본금 변동사항..............................................................................................................8 4. 주식의 총수 등 ................................................................................................................8 5. 정관에 관한 사항...........................................................................................................10 II.']","회사의 임직원 수는 270명입니다.  
근거: 참고 문서의 local_llm_rag_windows_setup_guide_utf8.docx (청크 38/46)에서 '회사의 임직원 수는 270명입니다'로 정확한 수치와 근거(사업부문별 성별 직원 수 표, 의약품 남 174명/여 89명)를 제시한 검증 결과",0.6489633937673387,opensearch,16946
회사의 임직원 수는 몇 명인가요?,"['[베트남 근로 기준.pdf] CEASE 1 달 이상 병가 낼때 (병가 휴가 시 사회보혐에 가입하지 않음) - Cach tinh bao hiém that nghiép: Chi phi bao hiém that nghiép 048 trén mirc tham gia Bao Hiém x4 hdi va ty 1é trich 0608 qui Bao hiém that nghiép theo quy dinh tai thang tham gia Bao Hiém xa hoi lién ké trude 06 . 실업보험 계산 방식: 실업보험는 직전 사회보험 가입월의 규정에 따라 사회보험 가입금액과 실업보험 기금 SASS 기준으로 한다. Chuong 3. 34 TINH VA TRA LUONG 계산 및 유급 Diéu 12. Co sé tinh long: 제 12 조: F492] 기준 Viéc tinh lwong dya trén co sé: Chinh 606 76 sé 164, dam bdo thdi gian tra luong cho ngudi lao d6ng dung quy dinh. 급여 계산은 다음과 같은 기준에 근거: 정확한 수치 및 정확한 노동자의 급여 지급 시간을 보장한다. Co sé tinh lwong cho 28601 lao 00708 Can 00 vao thoi gian lam viéc tai bang ch4m céng. 노동자의 급여 계산하는 기준: 출퇴근 시간표에 따라서 Thdi gian lam viée: Infoplus 4p dung ché 00 ngay lam viée 8 tiéng va tuan lam viéc 40 gid. Trong 00, thoi gian bat dau va két thic duge linh hoat theo cdc méc: 인포플러스는 일 8 시간 근무제와 40 시간 근무제를 적용한다. 시작 및 종료 시간은 다음 9 이정표에 따라 탄력적이다.', '[베트남 근로 기준.pdf] CEASE 1 달 이상 병가 낼때 (병가 휴가 시 사회보혐에 가입하지 않음) - Cach tinh bao hiém that nghiép: Chi phi bao hiém that nghiép 048 trén mirc tham gia Bao Hiém x4 hdi va ty 1é trich 0608 qui Bao hiém that nghiép theo quy dinh tai thang tham gia Bao Hiém xa hoi lién ké trude 06 . 실업보험 계산 방식: 실업보험는 직전 사회보험 가입월의 규정에 따라 사회보험 가입금액과 실업보험 기금 SASS 기준으로 한다. Chuong 3. 34 TINH VA TRA LUONG 계산 및 유급 Diéu 12. Co sé tinh long: 제 12 조: F492] 기준 Viéc tinh lwong dya trén co sé: Chinh 606 76 sé 164, dam bdo thdi gian tra luong cho ngudi lao d6ng dung quy dinh. 급여 계산은 다음과 같은 기준에 근거: 정확한 수치 및 정확한 노동자의 급여 지급 시간을 보장한다. Co sé tinh lwong cho 28601 lao 00708 Can 00 vao thoi gian lam viéc tai bang ch4m céng. 노동자의 급여 계산하는 기준: 출퇴근 시간표에 따라서 Thdi gian lam viée: Infoplus 4p dung ché 00 ngay lam viée 8 tiéng va tuan lam viéc 40 gid. Trong 00, thoi gian bat dau va két thic duge linh hoat theo cdc méc: 인포플러스는 일 8 시간 근무제와 40 시간 근무제를 적용한다. 시작 및 종료 시간은 다음 9 이정표에 따라 탄력적이다.', '[베트남 근로 기준.pdf] CEASE 1 달 이상 병가 낼때 (병가 휴가 시 사회보혐에 가입하지 않음) - Cach tinh bao hiém that nghiép: Chi phi bao hiém that nghiép 048 trén mirc tham gia Bao Hiém x4 hdi va ty 1é trich 0608 qui Bao hiém that nghiép theo quy dinh tai thang tham gia Bao Hiém xa hoi lién ké trude 06 . 실업보험 계산 방식: 실업보험는 직전 사회보험 가입월의 규정에 따라 사회보험 가입금액과 실업보험 기금 SASS 기준으로 한다. Chuong 3. 34 TINH VA TRA LUONG 계산 및 유급 Diéu 12. Co sé tinh long: 제 12 조: F492] 기준 Viéc tinh lwong dya trén co sé: Chinh 606 76 sé 164, dam bdo thdi gian tra luong cho ngudi lao d6ng dung quy dinh. 급여 계산은 다음과 같은 기준에 근거: 정확한 수치 및 정확한 노동자의 급여 지급 시간을 보장한다. Co sé tinh lwong cho 28601 lao 00708 Can 00 vao thoi gian lam viéc tai bang ch4m céng. 노동자의 급여 계산하는 기준: 출퇴근 시간표에 따라서 Thdi gian lam viée: Infoplus 4p dung ché 00 ngay lam viée 8 tiéng va tuan lam viéc 40 gid. Trong 00, thoi gian bat dau va két thic duge linh hoat theo cdc méc: 인포플러스는 일 8 시간 근무제와 40 시간 근무제를 적용한다. 시작 및 종료 시간은 다음 9 이정표에 따라 탄력적이다.']","참고 문서는 베트남의 근로 기준 관련 규정을 설명한 문서로, 특정 회사의 임직원 수에 대한 정보를 포함하지 않습니다. 문서에서는 병가 처리, 사회보험 계산 방식, 근무 시간 등 일반적인 법적 규정을 설명하지만, 어떤 회사의 구체적인 임직원 수나 관련 데이터가 제시되지 않았습니다. 따라서 **이 질문에 대한 답변을 참고 문서에서 제공할 수 없습니다**.

답변: 참고 문서는 특정 회사의 임직원 수를 포함하지 않으므로, 해당 정보를 확인할 수 없습니다.",0.0,pgvector,10147
파이썬으로 피보나치 수열을 구하는 방법을 알려줘,"[""아울러 System.out 직접 호출 대신 SLF4J Logger 사용으로 전환하여 Spring Boot 프로젝트의 일반적인 로깅 관례에 맞춤 27.7 최종 검증 성공 모든 개선(목차 필터, 임계값 0.25, OCR 보완) 적용 후 langchain_rag_demo.py로 '회사의 임직원 수는 몇 명인가요?' 재질의. 검색된 5건이 모두 임계값을 통과했고, 답변이 '회사의 임직원 수는 270명입니다'로 정확한 수치와 근거(사업부문별 성별 직원 수 표, 의약품 남 174명/여 89명)를 함께 제시함을 확인 이로써 pgvector 경로의 청킹-필터링-OCR-임계값 파이프라인 전체가 실제 표 데이터 질의에 대해서도 정확하게 동작함을 최종 검증 27.8 보류된 로드맵: 프롬프트 개선 및 QLoRA 파인튜닝 계획 할루시네이션 억제를 위한 개선된 프롬프트(문서 근거 명시, 정보 없을 시 명확히 밝히기, 답변 근거 한 줄 요약 규칙 포함)를 설계함. RagService/PgVectorRagService 양쪽에 적용 후 collect_results.py + evaluate_ragas.py로 기존 baseline과 A/B 비교하는 절차까지 계획했으나, 이번 세션에서는 Ollama 모델 유실 이슈 대응이 우선되어 실제 적용/비교는 미착수 상태로 보류 로컬 GPU(8GB VRAM) 제약을 고려해 QLoRA(4비트 양자화 + LoRA) 기반 파인튜닝 로드맵을 수립."", ""psycopg2로 postgres에 raw SQL(코사인 거리 <=> 연산자)로 검색하고, LangChain의 LCEL(prompt | llm | StrOutputParser) 문법으로 생성 체인 구성 Java(Spring AI)와 Python(LangChain) 두 프레임워크로 동일한 RAG 파이프라인을 구현해봄으로써, 채용 공고에서 요구하는 'Spring AI와 LangChain을 활용한 LLM 서비스 개발' 항목을 실습으로 커버 27.3 청킹 로직 사용자 자체 개선 기존 400자 고정 청킹 방식의 한계를 파악하고, 문장 종료 판단 시 소수점(예: '20.79%')을 문장 끝으로 오인하지 않도록 정규식에 lookahead(공백 또는 문자열 끝)를 적용한 개선된 TextChunker/PgVectorIngestService를 직접 구현 청크 최대 크기를 1024자로 확대하되 문장 중간에서는 절대 자르지 않도록 하고, 문장 단위 오버랩(직전 청크 마지막 1문장을 다음 청크에 포함)으로 문맥 단절 완화 실제 프로젝트의 패키지 구조가 com.ai.llm.* (예: com.ai.llm.pgvector, com.ai.llm.rag, com.ai.llm.opensearch)임을 로그 스택트레이스를 통해 확인. 이전 세션에서 com.example.llm.*으로 안내했던 부분을 이후부터 정정 27.4 목차 노이즈 필터 도입 및 임계값 재조정 pgvector 재업로드 후 디버그 엔드포인트(/api/pgvector/debug-search)로 검증한 결과, 목차의 점선/가운뎃점 줄(예: '임원 및 직원 등에 관한 사항..................217')이 청크로 저장되어 검색 상위를 차지하며 실제 데이터를 밀어내는 문제를 확인 마침표/가운뎃점이 10개 이상 연속되거나 실질 내용이 30자 미만인 청크를 인제스트 단계에서 제외하는 필터(TOC_NOISE_PATTERN)를 추가."", ""이 사건으로 pgvector 검색(임베딩 필요)과 Python/LangChain 실습 스크립트가 일시적으로 전부 실패하는 연쇄 장애가 발생했었음 27.2 Python + LangChain 독립 RAG 파이프라인 구현 Spring Boot(Java)를 거치지 않고 Python에서 직접 pgvector에 접속해 RAG를 재현하는 langchain_rag_demo.py 작성. psycopg2로 postgres에 raw SQL(코사인 거리 <=> 연산자)로 검색하고, LangChain의 LCEL(prompt | llm | StrOutputParser) 문법으로 생성 체인 구성 Java(Spring AI)와 Python(LangChain) 두 프레임워크로 동일한 RAG 파이프라인을 구현해봄으로써, 채용 공고에서 요구하는 'Spring AI와 LangChain을 활용한 LLM 서비스 개발' 항목을 실습으로 커버 27.3 청킹 로직 사용자 자체 개선 기존 400자 고정 청킹 방식의 한계를 파악하고, 문장 종료 판단 시 소수점(예: '20.79%')을 문장 끝으로 오인하지 않도록 정규식에 lookahead(공백 또는 문자열 끝)를 적용한 개선된 TextChunker/PgVectorIngestService를 직접 구현 청크 최대 크기를 1024자로 확대하되 문장 중간에서는 절대 자르지 않도록 하고, 문장 단위 오버랩(직전 청크 마지막 1문장을 다음 청크에 포함)으로 문맥 단절 완화 실제 프로젝트의 패키지 구조가 com.ai.llm.* (예: com.ai.llm.pgvector, com.ai.llm.rag, com.ai.llm.opensearch)임을 로그 스택트레이스를 통해 확인.""]","제공된 문서에서 해당 정보를 찾을 수 없습니다  
근거: 참고 문서의 모든 청크에서 피보나치 수열 구현 방법이나 관련 코드가 명시적으로 포함되지 않음",0.7524929339568699,opensearch,10346
파이썬으로 피보나치 수열을 구하는 방법을 알려줘,"['[[파마리서치]사업보고서2022.03.17.pdf] 수준1 : 활성시장에서 공시되는 가격을 공정가치로 측정하는 자산·부채의 경우 동 자산·부채 (단위: 원) 구분 당기말 전기말 장부금액 공정가치 장부금액 공정가치 금융자산: \u3000 \u3000 \u3000 \u3000 현금및현금성자산 17,677,311,308 17,677,311,308 15,685,514,823 15,685,514,823 단기금융상품 2,000,000,000 2,000,000,000 8,980,873,974 8,980,873,974 당기손익-공정가치금융자산 113,909,673,386 113,909,673,386 40,571,151,683 40,571,151,683 기타포괄손익-공정가치금융자산 30,024,309,615 30,024,309,615 29,619,793,750 29,619,793,750 매출채권 26,958,041,418 26,958,041,418 22,171,869,885 22,171,869,885 유동성기타채권 1,538,855,807 1,538,855,807 3,247,837,629 3,247,837,629 장기금융상품 - - 718,039,762 718,039,762 기타채권 4,970,179,252 4,970,179,252 845,831,626 845,831,626 금융자산 합계 197,078,370,786 197,078,370,786 121,840,913,132 121,840,913,132 금융부채: 매입채무 2,618,526,516 2,618,526,516 2,041,646,804 2,041,646,804 유동성기타채무 11,756,528,915 11,756,528,915 5,534,825,941 5,534,825,941 기타채무 1,242,200,000 1,242,200,000 1,196,000,000 1,196,000,000 유동성리스부채 807,485,226 807,485,226 833,448,888 833,448,888 리스부채 896,433,853 896,433,853 1,633,249,984 1,633,249,984 전환상환우선주부채 - - 9,731,831,003 9,731,831,003 신주인수권부사채 20,590,444,375 20,590,444,375 - - 전환사채 20,590,444,375 20,590,444,375 - - 차입금 15,000,000,000 15,000,000,000 15,000,000,000 15,000,000,000 금융부채 합계 73,502,063,260 73,502,063,260 35,971,002,620 35,971,002,620 전자공시시스템 dart.fss.or.kr Page 172 의 공정가치는 수준1로 분류됩니다.', '[[파마리서치]사업보고서2022.03.17.pdf] 수준1 : 활성시장에서 공시되는 가격을 공정가치로 측정하는 자산·부채의 경우 동 자산·부채 (단위: 원) 구분 당기말 전기말 장부금액 공정가치 장부금액 공정가치 금융자산: \u3000 \u3000 \u3000 \u3000 현금및현금성자산 17,677,311,308 17,677,311,308 15,685,514,823 15,685,514,823 단기금융상품 2,000,000,000 2,000,000,000 8,980,873,974 8,980,873,974 당기손익-공정가치금융자산 113,909,673,386 113,909,673,386 40,571,151,683 40,571,151,683 기타포괄손익-공정가치금융자산 30,024,309,615 30,024,309,615 29,619,793,750 29,619,793,750 매출채권 26,958,041,418 26,958,041,418 22,171,869,885 22,171,869,885 유동성기타채권 1,538,855,807 1,538,855,807 3,247,837,629 3,247,837,629 장기금융상품 - - 718,039,762 718,039,762 기타채권 4,970,179,252 4,970,179,252 845,831,626 845,831,626 금융자산 합계 197,078,370,786 197,078,370,786 121,840,913,132 121,840,913,132 금융부채: 매입채무 2,618,526,516 2,618,526,516 2,041,646,804 2,041,646,804 유동성기타채무 11,756,528,915 11,756,528,915 5,534,825,941 5,534,825,941 기타채무 1,242,200,000 1,242,200,000 1,196,000,000 1,196,000,000 유동성리스부채 807,485,226 807,485,226 833,448,888 833,448,888 리스부채 896,433,853 896,433,853 1,633,249,984 1,633,249,984 전환상환우선주부채 - - 9,731,831,003 9,731,831,003 신주인수권부사채 20,590,444,375 20,590,444,375 - - 전환사채 20,590,444,375 20,590,444,375 - - 차입금 15,000,000,000 15,000,000,000 15,000,000,000 15,000,000,000 금융부채 합계 73,502,063,260 73,502,063,260 35,971,002,620 35,971,002,620 전자공시시스템 dart.fss.or.kr Page 172 의 공정가치는 수준1로 분류됩니다.', '[베트남 근로 기준.pdf] 1164 10. Trg cap A] 10%: 보조금 - Mic huéng cy thé 008 timg lao 0008 0400 ghi chi tiét trong Hop dong lao dong hodic quyét dinh cia Téng Gidm déc Céng ty cho timg ca nhan. 구체적인 수혜 FES 개인에게 회사의 대표는 결정이나 근로 계약서에 기재되어 있다. - Ngudi lao dong nit trong thoi gian kinh nguyét khéng 006 nhu cau nghi ché 06 kinh nguyét thi ngoai tién 10008 theo quy dinh 0400 hudng tro c4p kinh nguyét tuong tmg 02(hai) 010 lam thém (150%) trong thang; 월경 기간 중 월경휴가 수요가 없는 여성 근로자는 규정대로 임금 외에 월 2 시간 잔업수당(150%)를 추가로 받을 수 있다. - H6 tro 2082 vién Sales chi phi dién 01081: 500.000 déng/ ngwi/ thang. Truong hop nhan vién thyc hién ché 00 luong KPI, thu nh4p thye nh4n theo KPI da bao gém tro 080 dién thoai. Sales 직원 지원 전화 2: 500.000 VND /""\'8/@ .KPIG AES 시행한 직원의 BS KPO} 따른 실질 소득에는 전화 수당이 포함되어 있습니다. Diéu 11. Cac khoan phic loi khac 제조. 기타 복지액 11.1 046 00 hiéu hi, 6m dau 제 11.14 쾌활하고 병든 제도 Ap dung d6i voi Nguoi lao 0008 Viét Nam 1am viéc chinh tht. 베트남정규직 근로자에게 적용된다. - Ngudi lao 0008 04061: 3.000.000 6608/ㅁ84601/132. 근로자 결혼: 3.000.000vnd/ 1 인/1 번.']","파이썬에서 피보나치 수열을 구하는 방법은 다음과 같습니다.

1. 첫 번째 두 개의 수를 [0, 1]로 초기화합니다.
2. 반복문을 사용하여 다음 수를 계산하고 수열에 추가합니다.

예시 코드:
```python
def fibonacci(n):
    if n <= 0:
        return []
    elif n == 1:
        return [0]
    fib_sequence = [0, 1]
    for i in range(2, n):
        fib_sequence.append(fib_sequence[i-1] + fib_sequence[i-2])
    return fib_sequence

# 10개의 피보나치 수열을 출력
print(fibonacci(10))
```

이 코드는 `n`개의 피보나치 수열을 반환합니다. 예를 들어, 10개의 수열은 `[0, 1, 1, 2, 3, 5, 8, 13, 21, 34]`입니다.",0.8726781556525592,pgvector,38738
